Date,Kick Off (local),Home Team,Away Team,Venue,Home Score,Away Score,Play Off Game?,Home Goals,Home Behinds,Away Goals,Away Behinds,Home Odds,Away Odds
3-Oct-15,14:30,West Coast,Hawthorn,MCG,61,107,Y,8,13,16,11,2.39,1.58
26-Sep-15,17:45,West Coast,North Melbourne,Domain Stadium,80,55,Y,10,20,7,13,1.19,4.74
25-Sep-15,18:20,Fremantle,Hawthorn,Domain Stadium,67,94,Y,10,7,15,4,2.25,1.65
19-Sep-15,19:20,Sydney,North Melbourne,ANZ Stadium,51,77,Y,7,9,11,11,1.62,2.3
18-Sep-15,19:50,Hawthorn,Adelaide,MCG,135,61,Y,21,9,8,13,1.3,3.56
13-Sep-15,15:20,Richmond,North Melbourne,MCG,88,105,Y,14,4,15,15,1.58,2.38
12-Sep-15,19:20,Western Bulldogs,Adelaide,MCG,102,109,Y,14,18,16,13,1.9,1.9
12-Sep-15,13:10,Fremantle,Sydney,Domain Stadium,69,60,Y,10,9,7,18,1.33,3.35
11-Sep-15,18:20,West Coast,Hawthorn,Domain Stadium,96,64,Y,14,12,9,10,2.39,1.57
6-Sep-15,15:20,Collingwood,Essendon,MCG,92,95,,14,8,14,11,1.28,3.65
6-Sep-15,13:10,Melbourne,GWS Giants,Etihad Stadium,103,77,,15,13,11,11,2.35,1.59
5-Sep-15,17:40,West Coast,St Kilda,Domain Stadium,125,30,,18,17,4,6,1.04,10.33
5-Sep-15,19:25,Sydney,Gold Coast,SCG,127,64,,19,13,9,10,1.04,10.57
5-Sep-15,16:40,Hawthorn,Carlton,MCG,113,56,,17,11,8,8,1.01,14.36
5-Sep-15,15:20,Port Adelaide,Fremantle,Adelaide Oval,122,53,,18,14,8,5,1.06,8.64
5-Sep-15,13:45,Brisbane,Western Bulldogs,Gabba,130,122,,19,16,19,8,4.24,1.22
5-Sep-15,13:05,Geelong,Adelaide,Simonds Stadium,119,80,,17,17,11,14,2.16,1.69
4-Sep-15,19:50,Richmond,North Melbourne,Etihad Stadium,108,67,,16,12,10,7,1.08,8.03
30-Aug-15,14:40,Fremantle,Melbourne,Domain Stadium,108,54,,17,6,8,6,1.07,8.37
30-Aug-15,15:20,St Kilda,Sydney,Etihad Stadium,38,135,,4,14,20,15,4.16,1.23
30-Aug-15,13:10,Adelaide,West Coast,Adelaide Oval,126,69,,19,12,10,9,2.01,1.78
29-Aug-15,19:20,Essendon,Richmond,MCG,47,74,,7,5,10,14,6.35,1.12
29-Aug-15,19:20,Gold Coast,Port Adelaide,Metricon Stadium,51,88,,7,9,12,16,3.22,1.35
29-Aug-15,16:35,North Melbourne,Western Bulldogs,Etihad Stadium,73,96,,10,13,14,12,1.63,2.27
29-Aug-15,14:10,Hawthorn,Brisbane,Aurora Stadium,134,62,,21,8,9,8,1.02,12.6
29-Aug-15,13:45,GWS Giants,Carlton,Spotless Stadium,132,51,,20,12,7,9,1.2,4.59
28-Aug-15,19:50,Geelong,Collingwood,MCG,62,110,,9,8,17,8,1.41,2.93
23-Aug-15,14:40,West Coast,Western Bulldogs,Domain Stadium,162,85,,25,12,13,7,1.3,3.56
23-Aug-15,15:20,Carlton,Melbourne,MCG,78,55,,12,6,7,13,3.08,1.38
23-Aug-15,13:10,North Melbourne,Fremantle,Etihad Stadium,94,83,,14,10,12,11,1.66,2.23
22-Aug-15,19:10,Adelaide,Brisbane,Adelaide Oval,131,44,,20,11,6,8,1.07,8.81
22-Aug-15,19:20,St Kilda,Geelong,Etihad Stadium,97,97,,14,13,15,7,4.4,1.21
22-Aug-15,16:35,Gold Coast,Essendon,Metricon Stadium,97,95,,14,13,14,11,1.52,2.52
22-Aug-15,14:10,GWS Giants,Sydney,Spotless Stadium,44,133,,6,8,20,13,2.53,1.52
22-Aug-15,13:45,Collingwood,Richmond,MCG,56,147,,7,14,23,9,2.92,1.41
21-Aug-15,19:50,Hawthorn,Port Adelaide,Etihad Stadium,86,108,,13,8,16,12,1.07,8.64
16-Aug-15,14:40,Fremantle,West Coast,Domain Stadium,80,104,,11,14,15,14,1.64,2.26
16-Aug-15,15:20,Western Bulldogs,Melbourne,Etihad Stadium,153,55,,24,9,8,7,1.22,4.28
16-Aug-15,13:10,Richmond,Gold Coast,MCG,138,55,,22,6,8,7,1.12,6.34
15-Aug-15,19:20,Brisbane,Carlton,Gabba,131,67,,20,11,9,13,1.64,2.27
15-Aug-15,19:20,Geelong,Hawthorn,MCG,85,121,,12,13,19,7,4.17,1.23
15-Aug-15,16:05,Port Adelaide,GWS Giants,Adelaide Oval,111,90,,16,15,13,12,1.26,3.91
15-Aug-15,14:10,North Melbourne,St Kilda,Blundstone Arena,120,83,,18,12,11,17,1.16,5.23
15-Aug-15,13:45,Essendon,Adelaide,Etihad Stadium,59,171,,8,11,27,9,3.54,1.3
14-Aug-15,19:50,Sydney,Collingwood,SCG,87,76,,13,9,10,16,1.35,3.24
9-Aug-15,16:40,St Kilda,Fremantle,Etihad Stadium,59,96,,8,11,15,6,2.72,1.46
9-Aug-15,15:20,GWS Giants,Essendon,Spotless Stadium,93,61,,14,9,8,13,1.26,3.88
9-Aug-15,13:10,Melbourne,North Melbourne,MCG,92,127,,14,8,19,13,3.39,1.32
8-Aug-15,15:40,West Coast,Hawthorn,Domain Stadium,74,88,,11,8,13,10,2.4,1.56
8-Aug-15,19:20,Geelong,Sydney,Simonds Stadium,95,63,,14,11,9,9,1.86,1.95
8-Aug-15,16:35,Brisbane,Gold Coast,Gabba,100,114,,14,16,17,12,2.57,1.51
8-Aug-15,14:10,Western Bulldogs,Port Adelaide,Etihad Stadium,128,64,,19,14,9,10,1.7,2.15
8-Aug-15,13:45,Collingwood,Carlton,MCG,105,87,,16,9,13,9,1.22,4.21
7-Aug-15,19:20,Adelaide,Richmond,Adelaide Oval,88,52,,11,22,8,4,2.13,1.71
2-Aug-15,14:40,Fremantle,GWS Giants,Domain Stadium,84,63,,12,12,9,9,1.2,4.41
2-Aug-15,15:20,Essendon,Western Bulldogs,Etihad Stadium,40,127,,5,10,19,13,2.84,1.42
2-Aug-15,12:40,Port Adelaide,St Kilda,Adelaide Oval,112,49,,17,10,6,13,1.19,4.63
1-Aug-15,19:20,Carlton,North Melbourne,Etihad Stadium,54,118,,8,6,18,10,5.55,1.14
1-Aug-15,19:20,Gold Coast,West Coast,Metricon Stadium,83,83,,12,11,11,17,8.22,1.08
1-Aug-15,16:35,Sydney,Adelaide,SCG,117,65,,17,15,9,11,1.4,2.96
1-Aug-15,14:10,Collingwood,Melbourne,MCG,54,91,,7,12,13,13,1.32,3.36
1-Aug-15,13:45,Geelong,Brisbane,Simonds Stadium,113,57,,17,11,8,9,1.11,6.73
31-Jul-15,19:50,Hawthorn,Richmond,MCG,53,71,,7,11,10,11,1.17,5.03
26-Jul-15,14:40,West Coast,Sydney,Domain Stadium,103,51,,15,13,7,9,1.29,3.61
26-Jul-15,15:20,Melbourne,St Kilda,MCG,46,83,,6,10,12,11,2.04,1.79
26-Jul-15,13:10,Western Bulldogs,Collingwood,Etihad Stadium,104,86,,15,14,13,8,2.21,1.67
25-Jul-15,19:20,Brisbane,North Melbourne,Gabba,38,110,,5,8,16,14,4.42,1.21
25-Jul-15,19:20,Essendon,Port Adelaide,Etihad Stadium,116,129,,17,14,20,9,3.37,1.32
25-Jul-15,16:35,Richmond,Fremantle,MCG,78,82,,10,18,12,10,1.77,2.04
25-Jul-15,13:40,Adelaide,Gold Coast,Adelaide Oval,125,80,,19,11,12,8,1.21,4.39
25-Jul-15,13:45,GWS Giants,Geelong,StarTrack Oval Canberra,42,69,,6,6,9,15,1.78,2.03
24-Jul-15,19:50,Carlton,Hawthorn,Etihad Stadium,35,173,,4,11,27,11,14.09,1.02
19-Jul-15,16:40,St Kilda,Richmond,Etihad Stadium,73,89,,10,13,13,11,2.85,1.42
19-Jul-15,14:50,Port Adelaide,Adelaide,Adelaide Oval,113,116,,17,11,18,8,1.57,2.41
19-Jul-15,13:10,Melbourne,Brisbane,MCG,60,36,,8,12,4,12,1.61,2.32
18-Jul-15,17:40,Fremantle,Carlton,Domain Stadium,95,53,,13,17,8,5,1.12,6.36
18-Jul-15,19:20,Sydney,Hawthorn,ANZ Stadium,57,146,,7,15,23,8,2.43,1.56
18-Jul-15,16:35,Collingwood,West Coast,Etihad Stadium,56,87,,7,14,11,21,2.45,1.55
18-Jul-15,14:10,Gold Coast,GWS Giants,Metricon Stadium,79,94,,12,7,13,16,2.23,1.66
18-Jul-15,13:45,Geelong,Western Bulldogs,Simonds Stadium,72,64,,10,12,9,10,1.57,2.4
17-Jul-15,19:50,North Melbourne,Essendon,Etihad Stadium,93,68,,14,9,9,14,1.2,4.52
12-Jul-15,16:40,Brisbane,Sydney,Gabba,49,70,,7,7,10,10,5.69,1.14
12-Jul-15,15:20,Hawthorn,Fremantle,Aurora Stadium,115,43,,17,13,6,7,1.4,2.95
12-Jul-15,13:10,GWS Giants,St Kilda,Spotless Stadium,84,49,,12,12,6,13,1.69,2.17
11-Jul-15,17:40,West Coast,Adelaide,Domain Stadium,147,91,,22,15,14,7,1.18,4.87
11-Jul-15,19:20,North Melbourne,Geelong,Etihad Stadium,120,79,,18,12,11,13,2.03,1.79
11-Jul-15,16:35,Western Bulldogs,Gold Coast,Cazaly’s Stadium,95,73,,14,11,11,7,1.65,2.25
11-Jul-15,13:40,Essendon,Melbourne,MCG,69,60,,10,9,7,18,2.64,1.48
10-Jul-15,19:50,Richmond,Carlton,MCG,71,41,,10,11,5,11,1.31,3.48
9-Jul-15,19:20,Port Adelaide,Collingwood,Adelaide Oval,66,63,,9,12,9,9,1.81,2
5-Jul-15,14:40,Fremantle,Brisbane,Domain Stadium,84,48,,13,6,7,6,1.03,11.65
5-Jul-15,13:10,Essendon,St Kilda,Etihad Stadium,52,162,,8,4,25,12,1.7,2.14
4-Jul-15,19:10,Melbourne,West Coast,TIO Stadium,60,114,,9,6,16,18,4.53,1.2
4-Jul-15,19:30,Western Bulldogs,Carlton,Etihad Stadium,64,53,,9,10,7,11,1.39,3.03
4-Jul-15,16:40,Gold Coast,North Melbourne,Metricon Stadium,125,70,,19,11,10,10,3.8,1.27
4-Jul-15,13:40,Richmond,GWS Giants,MCG,78,69,,10,18,10,9,1.18,4.87
3-Jul-15,19:50,Collingwood,Hawthorn,MCG,91,101,,12,19,15,11,3.47,1.3
2-Jul-15,19:20,Sydney,Port Adelaide,SCG,94,84,,14,10,12,12,1.44,2.76
28-Jun-15,15:20,Carlton,Gold Coast,Etihad Stadium,103,69,,14,19,9,15,1.42,2.88
27-Jun-15,19:20,St Kilda,Western Bulldogs,Etihad Stadium,56,62,,7,14,9,8,2.55,1.51
27-Jun-15,16:35,Brisbane,Adelaide,Gabba,69,82,,10,9,11,16,3.55,1.3
27-Jun-15,13:40,Hawthorn,Essendon,MCG,114,76,,16,18,11,10,1.06,9.26
26-Jun-15,19:50,Sydney,Richmond,SCG,77,95,,11,11,14,11,1.34,3.31
25-Jun-15,18:10,Fremantle,Collingwood,Domain Stadium,80,73,,12,8,11,7,1.33,3.34
21-Jun-15,15:20,Geelong,Melbourne,Simonds Stadium,89,113,,13,11,18,5,1.11,6.49
20-Jun-15,19:20,Western Bulldogs,Brisbane,Etihad Stadium,146,74,,22,14,11,8,1.29,3.68
20-Jun-15,19:35,GWS Giants,North Melbourne,Spotless Stadium,61,117,,8,13,18,9,2.96,1.4
20-Jun-15,13:40,Carlton,Port Adelaide,MCG,110,106,,17,8,16,10,3.21,1.35
19-Jun-15,19:50,Richmond,West Coast,MCG,70,90,,10,10,13,12,1.88,1.93
18-Jun-15,19:20,Adelaide,Hawthorn,Adelaide Oval,85,114,,12,13,17,12,2.99,1.4
14-Jun-15,16:40,St Kilda,Melbourne,Etihad Stadium,85,83,,12,13,12,11,1.65,2.24
14-Jun-15,13:10,Collingwood,GWS Giants,MCG,119,77,,18,11,11,11,1.65,2.25
13-Jun-15,19:20,North Melbourne,Sydney,Etihad Stadium,75,91,,10,15,14,7,2.56,1.51
13-Jun-15,14:35,West Coast,Essendon,Domain Stadium,96,46,,14,12,6,10,1.14,5.65
13-Jun-15,13:40,Gold Coast,Fremantle,Metricon Stadium,46,53,,7,4,6,17,9.37,1.06
12-Jun-15,19:20,Port Adelaide,Geelong,Adelaide Oval,69,92,,11,3,14,8,1.44,2.79
8-Jun-15,15:20,Melbourne,Collingwood,MCG,85,110,,13,7,17,8,3.92,1.25
7-Jun-15,16:40,St Kilda,Hawthorn,Etihad Stadium,69,132,,10,9,20,12,12.71,1.02
7-Jun-15,15:20,North Melbourne,West Coast,Blundstone Arena,85,75,,13,7,10,15,2.1,1.73
7-Jun-15,13:10,GWS Giants,Brisbane,Spotless Stadium,97,67,,14,13,10,7,1.08,7.65
6-Jun-15,19:10,Port Adelaide,Western Bulldogs,Adelaide Oval,100,62,,16,4,9,8,1.23,4.13
6-Jun-15,19:20,Essendon,Geelong,Etihad Stadium,53,122,,7,11,19,8,2,1.81
6-Jun-15,16:35,Gold Coast,Sydney,Metricon Stadium,41,93,,5,11,13,15,14.72,1.02
6-Jun-15,13:40,Carlton,Adelaide,MCG,90,99,,14,6,14,15,3.43,1.31
5-Jun-15,18:10,Fremantle,Richmond,Domain Stadium,70,97,,10,10,15,7,1.22,4.27
31-May-15,14:40,West Coast,Geelong,Domain Stadium,120,64,,16,24,10,4,1.45,2.75
31-May-15,15:20,Collingwood,North Melbourne,MCG,112,95,,17,10,14,11,1.89,1.92
31-May-15,13:10,Brisbane,St Kilda,Gabba,86,108,,13,8,16,12,1.63,2.28
30-May-15,19:10,Adelaide,Fremantle,Adelaide Oval,57,68,,7,15,10,8,3.58,1.3
30-May-15,19:25,Richmond,Essendon,MCG,72,59,,10,12,8,11,1.78,2.04
30-May-15,16:35,Western Bulldogs,GWS Giants,Etihad Stadium,113,68,,16,17,11,2,2.64,1.49
30-May-15,13:40,Melbourne,Port Adelaide,Traeger Park,54,115,,8,6,18,7,2.74,1.46
30-May-15,13:45,Hawthorn,Gold Coast,Aurora Stadium,93,40,,14,9,6,4,1.01,16.13
29-May-15,19:50,Sydney,Carlton,SCG,122,62,,19,8,9,8,1.02,15.07
24-May-15,16:10,Port Adelaide,Richmond,Adelaide Oval,43,76,,5,13,11,10,1.34,3.3
24-May-15,15:20,Melbourne,Western Bulldogs,MCG,103,64,,15,13,9,10,3.06,1.38
24-May-15,13:10,Essendon,Brisbane,Etihad Stadium,136,78,,21,10,12,6,1.22,4.39
23-May-15,17:40,Fremantle,North Melbourne,Domain Stadium,115,42,,17,13,5,12,1.2,4.61
23-May-15,19:20,Hawthorn,Sydney,MCG,69,73,,9,15,11,7,1.49,2.65
23-May-15,16:35,Gold Coast,Collingwood,Metricon Stadium,63,132,,9,9,20,12,3.7,1.29
23-May-15,14:10,GWS Giants,Adelaide,Spotless Stadium,108,84,,16,12,12,12,1.49,2.62
23-May-15,13:45,St Kilda,West Coast,Etihad Stadium,78,131,,12,6,20,11,5.03,1.18
22-May-15,19:50,Geelong,Carlton,Etihad Stadium,140,63,,22,8,9,9,1.23,4.21
17-May-15,16:40,Brisbane,Port Adelaide,Gabba,102,65,,15,12,8,17,4.61,1.2
17-May-15,15:20,Richmond,Collingwood,MCG,105,100,,16,9,15,10,1.97,1.83
17-May-15,13:10,Western Bulldogs,Fremantle,Etihad Stadium,88,101,,14,4,15,11,3.81,1.27
16-May-15,17:40,West Coast,Gold Coast,Domain Stadium,135,43,,21,9,6,7,1.1,7.05
16-May-15,19:20,Sydney,Geelong,ANZ Stadium,120,77,,18,12,11,11,1.21,4.42
16-May-15,16:35,Carlton,GWS Giants,Etihad Stadium,57,135,,9,3,19,21,2.55,1.51
16-May-15,14:10,Hawthorn,Melbourne,MCG,155,50,,24,11,7,8,1.08,7.9
16-May-15,13:15,Adelaide,St Kilda,Adelaide Oval,119,73,,18,11,10,13,1.22,4.36
15-May-15,19:50,Essendon,North Melbourne,Etihad Stadium,82,93,,12,10,13,15,2.88,1.42
10-May-15,16:10,Port Adelaide,West Coast,Adelaide Oval,68,78,,10,8,11,12,1.24,4.21
10-May-15,15:20,Carlton,Brisbane,Etihad Stadium,75,84,,11,9,12,12,1.31,3.53
9-May-15,18:10,Fremantle,Essendon,Domain Stadium,80,52,,12,8,7,10,1.2,4.68
9-May-15,19:20,Melbourne,Sydney,MCG,50,88,,7,8,12,16,5.22,1.17
9-May-15,17:10,Gold Coast,Adelaide,Metricon Stadium,78,119,,11,12,18,11,5.24,1.17
9-May-15,16:35,GWS Giants,Hawthorn,Spotless Stadium,108,98,,16,12,14,14,3.71,1.28
9-May-15,14:10,Western Bulldogs,St Kilda,Etihad Stadium,87,94,,13,9,14,10,1.45,2.73
9-May-15,13:45,North Melbourne,Richmond,Blundstone Arena,109,74,,16,13,10,14,1.59,2.35
8-May-15,19:50,Collingwood,Geelong,MCG,59,100,,8,11,15,10,1.58,2.38
3-May-15,16:10,Adelaide,Port Adelaide,Adelaide Oval,91,115,,13,13,18,7,2.28,1.63
3-May-15,15:20,St Kilda,Essendon,Etihad Stadium,80,82,,11,14,11,16,5.64,1.14
3-May-15,13:10,Melbourne,Fremantle,MCG,50,118,,6,14,18,10,5.2,1.17
2-May-15,17:40,West Coast,GWS Giants,Domain Stadium,120,33,,18,12,4,9,1.67,2.22
2-May-15,19:20,North Melbourne,Hawthorn,Etihad Stadium,70,130,,10,10,19,16,3.32,1.33
2-May-15,16:35,Gold Coast,Brisbane,Metricon Stadium,118,54,,18,10,7,12,2.08,1.76
2-May-15,14:10,Sydney,Western Bulldogs,SCG,73,77,,10,13,11,11,1.15,5.36
2-May-15,13:45,Richmond,Geelong,MCG,76,85,,11,10,12,13,1.63,2.28
1-May-15,19:50,Carlton,Collingwood,MCG,45,120,,6,9,18,12,2.41,1.58
26-Apr-15,16:40,Western Bulldogs,Adelaide,Etihad Stadium,125,68,,18,17,10,8,3.59,1.29
26-Apr-15,15:20,Geelong,North Melbourne,Simonds Stadium,67,83,,9,13,12,11,2.26,1.63
26-Apr-15,13:10,Brisbane,West Coast,Gabba,65,118,,9,11,17,16,2.7,1.46
25-Apr-15,18:45,Fremantle,Sydney,Domain Stadium,74,60,,11,8,8,12,1.6,2.36
25-Apr-15,19:10,Port Adelaide,Hawthorn,Adelaide Oval,99,91,,15,9,13,13,2.43,1.56
25-Apr-15,17:40,GWS Giants,Gold Coast,StarTrack Oval Canberra,119,53,,16,23,7,11,1.39,2.97
25-Apr-15,14:40,Essendon,Collingwood,MCG,49,69,,6,13,9,15,1.41,2.91
25-Apr-15,13:10,St Kilda,Carlton,Westpac Stadium,81,121,,12,9,18,13,3.14,1.36
24-Apr-15,19:50,Richmond,Melbourne,MCG,51,83,,6,15,12,11,1.31,3.46
19-Apr-15,14:40,West Coast,Fremantle,Domain Stadium,81,111,,12,9,17,9,3.88,1.27
19-Apr-15,15:20,Geelong,Gold Coast,Simonds Stadium,105,96,,16,9,13,18,1.17,5.2
19-Apr-15,13:10,Hawthorn,Western Bulldogs,Aurora Stadium,127,57,,19,13,8,9,1.06,9.69
18-Apr-15,19:20,Brisbane,Richmond,Gabba,58,137,,8,10,21,11,2.72,1.46
18-Apr-15,19:20,North Melbourne,Port Adelaide,Etihad Stadium,105,113,,16,9,17,11,1.9,1.9
18-Apr-15,16:35,Sydney,GWS Giants,SCG,111,90,,16,15,12,18,1.16,5.4
18-Apr-15,13:40,Adelaide,Melbourne,Adelaide Oval,80,55,,12,8,7,13,1.08,8.24
18-Apr-15,13:45,Carlton,Essendon,MCG,84,105,,11,18,16,9,3.83,1.27
17-Apr-15,19:50,Collingwood,St Kilda,MCG,140,66,,21,14,10,6,1.4,2.98
12-Apr-15,16:40,North Melbourne,Brisbane,Etihad Stadium,133,51,,20,13,7,9,1.14,5.78
12-Apr-15,15:20,Essendon,Hawthorn,MCG,78,76,,12,6,11,10,4.65,1.2
12-Apr-15,13:10,Geelong,Fremantle,Simonds Stadium,60,104,,9,6,15,14,2.26,1.65
11-Apr-15,19:10,Port Adelaide,Sydney,Adelaide Oval,44,92,,6,8,14,8,1.61,2.34
11-Apr-15,19:20,Gold Coast,St Kilda,Metricon Stadium,76,104,,10,16,16,8,1.19,4.85
11-Apr-15,16:35,Collingwood,Adelaide,Etihad Stadium,63,90,,9,9,12,18,2.95,1.41
11-Apr-15,14:10,GWS Giants,Melbourne,StarTrack Oval Canberra,101,56,,15,11,8,8,1.45,2.77
11-Apr-15,13:45,Richmond,Western Bulldogs,MCG,66,85,,9,12,12,13,1.35,3.26
10-Apr-15,18:10,West Coast,Carlton,Domain Stadium,131,62,,20,11,9,8,1.53,2.54
6-Apr-15,15:20,Hawthorn,Geelong,MCG,123,61,,17,21,8,13,1.36,3.16
5-Apr-15,14:50,Adelaide,North Melbourne,Adelaide Oval,140,63,,21,14,9,9,1.7,2.14
5-Apr-15,13:10,St Kilda,GWS Giants,Etihad Stadium,78,87,,11,12,12,15,3.43,1.32
5-Apr-15,16:40,Fremantle,Port Adelaide,Domain Stadium,75,68,,11,9,10,8,1.67,2.22
4-Apr-15,18:20,Brisbane,Collingwood,Gabba,74,86,,11,8,12,14,1.48,2.67
4-Apr-15,19:20,Western Bulldogs,West Coast,Etihad Stadium,97,87,,14,13,14,3,2.52,1.53
4-Apr-15,16:35,Sydney,Essendon,ANZ Stadium,72,60,,10,12,9,6,1.31,3.49
4-Apr-15,13:40,Melbourne,Gold Coast,MCG,115,89,,17,13,13,11,2.97,1.41
2-Apr-15,19:20,Carlton,Richmond,MCG,78,105,,11,12,15,15,2.53,1.53
27-Sep-14,14:30,Sydney,Hawthorn,MCG,74,137,Y,11,8,21,11,1.57,2.41
20-Sep-14,16:45,Hawthorn,Port Adelaide,MCG,97,94,Y,15,7,13,16,1.33,3.38
19-Sep-14,19:50,Sydney,North Melbourne,ANZ Stadium,136,65,Y,19,22,9,11,1.21,4.39
13-Sep-14,17:45,Fremantle,Port Adelaide,Domain Stadium,83,105,Y,11,17,15,15,1.59,2.34
12-Sep-14,19:50,Geelong,North Melbourne,MCG,92,98,Y,13,14,14,14,1.76,2.07
7-Sep-14,14:50,Port Adelaide,Richmond,Adelaide Oval,132,75,Y,20,12,11,9,1.41,2.88
6-Sep-14,19:15,North Melbourne,Essendon,MCG,93,81,Y,14,9,12,9,1.68,2.19
6-Sep-14,14:45,Sydney,Fremantle,ANZ Stadium,93,69,Y,13,15,10,9,1.39,3.04
5-Sep-14,19:50,Hawthorn,Geelong,MCG,104,68,Y,15,14,10,8,1.47,2.67
31-Aug-14,16:40,Western Bulldogs,GWS Giants,Etihad Stadium,109,115,,15,19,18,7,1.25,4
31-Aug-14,14:50,Adelaide,St Kilda,Adelaide Oval,141,62,,22,9,9,8,1.04,11.16
31-Aug-14,13:10,Gold Coast,West Coast,Metricon Stadium,99,151,,15,9,23,13,2.36,1.59
30-Aug-14,19:40,Geelong,Brisbane,Simonds Stadium,143,81,,21,17,12,9,1.1,7.65
30-Aug-14,19:40,North Melbourne,Melbourne,Etihad Stadium,123,93,,19,9,14,9,1.08,8.03
30-Aug-14,16:40,Sydney,Richmond,ANZ Stadium,65,68,,9,11,10,8,1.43,2.86
30-Aug-14,13:10,Fremantle,Port Adelaide,Domain Stadium,105,97,,16,9,14,13,1.46,2.72
30-Aug-14,14:45,Carlton,Essendon,MCG,90,90,,14,6,13,12,3.06,1.38
29-Aug-14,19:50,Collingwood,Hawthorn,MCG,56,121,,8,8,18,13,9.05,1.07
24-Aug-14,16:40,Richmond,St Kilda,MCG,98,72,,15,8,10,12,1.11,6.86
24-Aug-14,15:20,Western Bulldogs,Sydney,Etihad Stadium,67,130,,9,13,20,10,5.29,1.16
24-Aug-14,13:10,Brisbane,Fremantle,Gabba,48,106,,6,12,15,16,3.33,1.33
23-Aug-14,19:40,Hawthorn,Geelong,MCG,94,71,,14,10,11,5,1.51,2.57
23-Aug-14,17:40,West Coast,Melbourne,Domain Stadium,119,53,,18,11,8,5,1.04,11.9
23-Aug-14,16:40,GWS Giants,Collingwood,Spotless Stadium,67,75,,9,13,11,9,2.36,1.59
23-Aug-14,14:10,Essendon,Gold Coast,Etihad Stadium,108,89,,16,12,13,11,1.16,5.31
23-Aug-14,13:45,North Melbourne,Adelaide,Blundstone Arena,101,94,,14,17,13,16,1.85,1.97
22-Aug-14,19:20,Port Adelaide,Carlton,Adelaide Oval,140,37,,20,20,5,7,1.27,3.78
17-Aug-14,14:40,Fremantle,Hawthorn,Domain Stadium,110,91,,17,8,13,13,1.82,1.99
17-Aug-14,15:20,Melbourne,GWS Giants,MCG,34,98,,3,16,15,8,1.43,2.84
17-Aug-14,13:10,North Melbourne,Western Bulldogs,Etihad Stadium,111,61,,17,9,8,13,1.35,3.22
16-Aug-14,19:10,Adelaide,Richmond,Adelaide Oval,69,79,,9,15,10,19,1.46,2.71
16-Aug-14,19:40,Collingwood,Brisbane,MCG,56,123,,8,8,18,15,1.15,5.4
16-Aug-14,16:40,Essendon,West Coast,Etihad Stadium,77,74,,11,11,11,8,1.56,2.44
16-Aug-14,14:10,Gold Coast,Port Adelaide,Metricon Stadium,47,56,,7,5,7,14,3.16,1.36
16-Aug-14,13:45,Sydney,St Kilda,SCG,127,56,,19,13,8,8,1.01,17.61
15-Aug-14,19:50,Carlton,Geelong,Etihad Stadium,76,82,,11,10,11,16,2.74,1.45
10-Aug-14,14:40,West Coast,Collingwood,Domain Stadium,126,66,,19,12,10,6,1.71,2.15
10-Aug-14,15:20,St Kilda,Western Bulldogs,Etihad Stadium,99,122,,15,9,18,14,3.45,1.32
10-Aug-14,13:10,Brisbane,Adelaide,Gabba,63,168,,9,9,25,18,2.89,1.43
9-Aug-14,19:40,Geelong,Fremantle,Simonds Stadium,81,79,,12,9,11,13,1.46,2.75
9-Aug-14,19:10,Port Adelaide,Sydney,Adelaide Oval,58,84,,7,16,12,12,3.05,1.38
9-Aug-14,16:40,Hawthorn,Melbourne,MCG,115,65,,17,13,9,11,1.03,14.03
9-Aug-14,14:10,Carlton,Gold Coast,Etihad Stadium,97,58,,14,13,8,10,1.51,2.6
9-Aug-14,13:45,GWS Giants,North Melbourne,StarTrack Oval Canberra,51,126,,7,9,19,12,5.51,1.15
8-Aug-14,19:50,Richmond,Essendon,MCG,95,77,,14,11,11,11,2.25,1.65
3-Aug-14,16:40,Collingwood,Port Adelaide,MCG,76,70,,11,10,10,10,2.19,1.67
3-Aug-14,15:20,Hawthorn,Western Bulldogs,Aurora Stadium,107,45,,16,11,6,9,1.13,6.15
3-Aug-14,13:10,Melbourne,Brisbane,Etihad Stadium,51,74,,6,15,11,8,1.72,2.13
2-Aug-14,19:40,Gold Coast,St Kilda,Metricon Stadium,117,64,,17,15,9,10,1.42,2.87
2-Aug-14,19:40,North Melbourne,Geelong,Etihad Stadium,79,111,,10,19,16,15,2.23,1.65
2-Aug-14,16:40,Richmond,GWS Giants,MCG,89,62,,13,11,8,14,1.09,7.38
2-Aug-14,13:10,Adelaide,West Coast,Adelaide Oval,105,136,,16,9,20,16,1.18,4.93
1-Aug-14,19:50,Sydney,Essendon,SCG,79,57,,11,13,8,9,1.27,3.8
31-Jul-14,18:10,Fremantle,Carlton,Domain Stadium,83,78,,12,11,11,12,1.13,6.14
27-Jul-14,16:40,Collingwood,Adelaide,MCG,82,98,,12,10,14,14,1.84,1.97
26-Jul-14,19:40,Hawthorn,Sydney,MCG,104,94,,15,14,13,16,1.85,1.94
26-Jul-14,16:40,Brisbane,Gold Coast,Gabba,110,56,,16,14,8,8,2.47,1.54
25-Jul-14,18:40,West Coast,Richmond,Domain Stadium,42,59,,6,6,8,11,1.64,2.23
20-Jul-14,16:40,Western Bulldogs,Essendon,Etihad Stadium,94,101,,14,10,15,11,3.03,1.38
20-Jul-14,12:40,Port Adelaide,Melbourne,Adelaide Oval,72,69,,10,12,10,9,1.06,8.81
19-Jul-14,19:40,GWS Giants,Geelong,Spotless Stadium,87,94,,12,15,13,16,7.67,1.08
19-Jul-14,16:40,St Kilda,Fremantle,Etihad Stadium,118,60,,17,16,9,6,11.96,1.03
18-Jul-14,19:50,Carlton,North Melbourne,Etihad Stadium,109,86,,16,13,13,8,3.97,1.24
13-Jul-14,14:40,Fremantle,GWS Giants,Domain Stadium,136,60,,21,10,9,6,1.01,17.1
13-Jul-14,15:20,Essendon,Collingwood,MCG,103,39,,16,7,5,9,2.67,1.46
13-Jul-14,13:10,Richmond,Port Adelaide,Etihad Stadium,126,106,,19,12,16,10,2.47,1.53
12-Jul-14,19:40,Brisbane,West Coast,Gabba,64,76,,9,10,11,10,2.79,1.43
12-Jul-14,19:40,Sydney,Carlton,SCG,122,51,,18,14,7,9,1.13,5.9
12-Jul-14,16:40,Western Bulldogs,Gold Coast,Cazaly’s Stadium,94,66,,13,16,9,12,2.45,1.54
12-Jul-14,14:10,North Melbourne,St Kilda,Blundstone Arena,92,33,,13,14,3,15,1.04,11.65
12-Jul-14,13:45,Melbourne,Geelong,MCG,36,102,,5,6,14,18,6.13,1.12
11-Jul-14,19:20,Adelaide,Hawthorn,Adelaide Oval,92,104,,14,8,15,14,2.13,1.7
6-Jul-14,16:40,Geelong,Western Bulldogs,Simonds Stadium,69,56,,10,9,7,14,1.13,5.72
6-Jul-14,13:20,West Coast,Sydney,Domain Stadium,51,79,,7,9,10,19,2.99,1.36
6-Jul-14,13:10,Carlton,St Kilda,Etihad Stadium,151,66,,24,7,10,6,1.16,5.06
5-Jul-14,19:10,Melbourne,Fremantle,TIO Stadium,34,97,,4,10,15,7,5.4,1.15
5-Jul-14,19:10,Port Adelaide,Essendon,Adelaide Oval,60,62,,7,18,8,14,1.22,4.29
5-Jul-14,16:40,Gold Coast,Collingwood,Metricon Stadium,80,75,,11,14,10,15,1.91,1.88
5-Jul-14,14:10,GWS Giants,Adelaide,Spotless Stadium,72,140,,9,18,20,20,3.9,1.25
5-Jul-14,13:45,Richmond,Brisbane,MCG,79,54,,12,7,7,12,1.1,6.57
4-Jul-14,19:50,North Melbourne,Hawthorn,Etihad Stadium,108,88,,16,12,13,10,3.89,1.25
29-Jun-14,19:10,Collingwood,Carlton,MCG,91,76,,13,13,11,10,1.28,3.71
29-Jun-14,13:40,Adelaide,Port Adelaide,Adelaide Oval,99,76,,14,15,10,16,3.02,1.38
29-Jun-14,13:10,Western Bulldogs,Melbourne,Etihad Stadium,91,85,,14,7,13,7,1.72,2.12
28-Jun-14,19:40,Brisbane,North Melbourne,Gabba,70,66,,10,10,9,12,5.26,1.15
28-Jun-14,19:40,Sydney,GWS Giants,SCG,106,60,,15,16,8,12,1.05,9.47
28-Jun-14,14:40,Fremantle,West Coast,Domain Stadium,88,81,,13,10,11,15,1.24,3.98
28-Jun-14,14:10,St Kilda,Richmond,Etihad Stadium,73,117,,11,7,18,9,5.56,1.14
28-Jun-14,13:45,Hawthorn,Gold Coast,Aurora Stadium,116,63,,17,14,10,3,1.16,5.01
27-Jun-14,19:50,Geelong,Essendon,Etihad Stadium,89,80,,13,11,11,14,1.36,3.09
22-Jun-14,16:40,Melbourne,North Melbourne,MCG,66,107,,10,6,15,17,3.56,1.29
22-Jun-14,15:20,St Kilda,West Coast,Etihad Stadium,70,103,,10,10,15,13,5.77,1.13
22-Jun-14,13:10,GWS Giants,Carlton,Spotless Stadium,100,92,,15,10,14,8,3.33,1.32
21-Jun-14,19:40,Essendon,Adelaide,Etihad Stadium,101,92,,15,11,14,8,2.3,1.61
21-Jun-14,17:40,Fremantle,Brisbane,Domain Stadium,105,22,,15,15,3,4,1.03,12.19
21-Jun-14,16:40,Gold Coast,Geelong,Metricon Stadium,118,78,,17,16,11,12,2.64,1.47
21-Jun-14,14:10,Hawthorn,Collingwood,MCG,115,86,,17,13,13,8,1.34,3.15
21-Jun-14,13:15,Port Adelaide,Western Bulldogs,Adelaide Oval,128,56,,19,14,8,8,1.09,6.98
20-Jun-14,19:50,Richmond,Sydney,MCG,51,62,,7,9,9,8,4.17,1.22
15-Jun-14,16:40,Essendon,Melbourne,MCG,77,78,,10,17,12,6,1.43,2.87
15-Jun-14,15:20,Collingwood,Western Bulldogs,Etihad Stadium,98,106,,15,8,16,10,1.11,6.36
15-Jun-14,13:10,Geelong,St Kilda,Simonds Stadium,133,37,,20,13,5,7,1.03,12.66
14-Jun-14,19:10,Adelaide,North Melbourne,Adelaide Oval,109,73,,16,13,10,13,1.85,1.93
14-Jun-14,19:40,Brisbane,GWS Giants,Gabba,80,125,,12,8,19,11,1.41,2.89
14-Jun-14,14:40,West Coast,Gold Coast,Domain Stadium,103,100,,15,13,15,10,1.74,2.08
14-Jun-14,14:10,Sydney,Port Adelaide,SCG,98,94,,14,14,13,16,1.43,2.8
14-Jun-14,13:45,Richmond,Fremantle,MCG,85,105,,12,13,16,9,3.67,1.27
13-Jun-14,19:50,Carlton,Hawthorn,MCG,90,118,,13,12,18,10,4.74,1.18
9-Jun-14,15:20,Melbourne,Collingwood,MCG,28,61,,3,10,8,13,4.64,1.19
8-Jun-14,19:10,North Melbourne,Richmond,Etihad Stadium,116,88,,17,14,13,10,1.31,3.43
8-Jun-14,14:10,Fremantle,Adelaide,Domain Stadium,90,50,,12,18,7,8,1.23,4.07
8-Jun-14,15:20,Gold Coast,Sydney,Metricon Stadium,74,109,,10,14,17,7,4.43,1.2
7-Jun-14,19:40,GWS Giants,Essendon,Spotless Stadium,66,81,,9,12,11,15,5.78,1.13
7-Jun-14,19:40,Western Bulldogs,Brisbane,Etihad Stadium,87,95,,13,9,14,11,1.31,3.42
7-Jun-14,16:10,Port Adelaide,St Kilda,Adelaide Oval,129,59,,19,15,9,5,1.02,13.09
7-Jun-14,13:40,Hawthorn,West Coast,Aurora Stadium,123,79,,19,9,12,7,1.19,4.49
6-Jun-14,19:50,Geelong,Carlton,Etihad Stadium,107,102,,16,11,15,12,1.18,4.74
1-Jun-14,17:40,West Coast,North Melbourne,Domain Stadium,44,82,,6,8,12,10,1.6,2.31
1-Jun-14,16:40,Hawthorn,GWS Giants,MCG,94,87,,14,10,13,9,1.01,16.02
1-Jun-14,15:20,Western Bulldogs,Fremantle,Etihad Stadium,51,89,,6,15,13,11,5.28,1.15
1-Jun-14,12:40,Adelaide,Gold Coast,Adelaide Oval,109,77,,16,13,11,11,1.54,2.46
31-May-14,19:45,Essendon,Richmond,MCG,104,54,,15,14,7,12,1.68,2.16
31-May-14,16:40,Brisbane,Carlton,Gabba,98,91,,14,14,13,13,2.86,1.41
31-May-14,13:10,Melbourne,Port Adelaide,Traeger Park,75,95,,11,9,14,11,6.04,1.12
30-May-14,19:50,St Kilda,Collingwood,Etihad Stadium,54,140,,8,6,21,14,8.45,1.06
29-May-14,19:10,Sydney,Geelong,SCG,148,38,,22,16,5,8,1.39,3
25-May-14,16:40,Carlton,Adelaide,MCG,81,76,,12,9,10,16,2.25,1.63
25-May-14,15:20,Gold Coast,Western Bulldogs,Metricon Stadium,119,74,,18,11,10,14,1.22,4.31
24-May-14,19:10,Port Adelaide,Hawthorn,Adelaide Oval,100,86,,15,10,13,8,1.53,2.46
24-May-14,16:40,Collingwood,West Coast,MCG,109,101,,17,7,15,11,1.3,3.48
24-May-14,13:40,GWS Giants,Richmond,Spotless Stadium,41,154,,5,11,24,10,3.19,1.34
23-May-14,19:50,Geelong,North Melbourne,Simonds Stadium,111,91,,16,15,13,13,1.54,2.46
18-May-14,16:40,St Kilda,Gold Coast,Etihad Stadium,87,125,,13,9,19,11,4.03,1.24
17-May-14,17:40,Fremantle,Geelong,Domain Stadium,96,64,,13,18,9,10,1.79,2
17-May-14,16:40,North Melbourne,Brisbane,Etihad Stadium,125,38,,17,23,6,2,1.06,9.34
17-May-14,13:40,Richmond,Melbourne,MCG,74,91,,9,20,14,7,1.18,4.7
16-May-14,19:50,Essendon,Sydney,Etihad Stadium,64,114,,9,10,18,6,3.13,1.36
15-May-14,19:20,Adelaide,Collingwood,Adelaide Oval,76,55,,10,16,7,13,2.71,1.45
12-May-14,19:20,St Kilda,Carlton,Etihad Stadium,69,101,,9,15,15,11,3.2,1.35
11-May-14,14:40,West Coast,GWS Giants,Domain Stadium,188,77,,30,8,12,5,1.06,9.29
10-May-14,19:40,Melbourne,Western Bulldogs,MCG,83,99,,12,11,15,9,2.73,1.44
10-May-14,16:40,Brisbane,Essendon,Gabba,57,65,,8,9,9,11,3.91,1.25
10-May-14,13:10,Port Adelaide,Fremantle,Adelaide Oval,94,76,,13,16,11,10,1.54,2.43
9-May-14,19:50,Sydney,Hawthorn,ANZ Stadium,107,88,,15,17,13,10,2.16,1.68
4-May-14,14:40,West Coast,Fremantle,Domain Stadium,54,73,,7,12,11,7,2.81,1.42
4-May-14,15:20,Geelong,Richmond,MCG,81,76,,11,15,12,4,1.19,4.49
4-May-14,13:10,North Melbourne,Gold Coast,Etihad Stadium,77,120,,11,11,18,12,1.26,3.78
3-May-14,19:40,Brisbane,Sydney,Gabba,44,123,,6,8,18,15,4.64,1.19
3-May-14,19:40,Essendon,Western Bulldogs,Etihad Stadium,73,65,,10,13,9,11,1.31,3.45
3-May-14,16:10,Adelaide,Melbourne,Adelaide Oval,67,70,,9,13,11,4,1.06,8.79
3-May-14,14:10,GWS Giants,Port Adelaide,StarTrack Oval Canberra,97,132,,15,7,20,12,8.46,1.07
3-May-14,13:45,Hawthorn,St Kilda,MCG,175,30,,27,13,4,6,1.04,11.17
2-May-14,19:50,Carlton,Collingwood,MCG,70,104,,10,10,14,20,3.95,1.25
27-Apr-14,16:10,Port Adelaide,Geelong,Adelaide Oval,107,67,,16,11,9,13,2.08,1.74
27-Apr-14,15:20,Richmond,Hawthorn,MCG,52,118,,7,10,18,10,5.04,1.17
27-Apr-14,13:10,Western Bulldogs,Adelaide,Etihad Stadium,83,92,,12,11,13,14,2.37,1.58
26-Apr-14,19:40,Melbourne,Sydney,MCG,38,69,,5,8,9,15,7.09,1.09
26-Apr-14,16:40,Carlton,West Coast,Etihad Stadium,92,89,,14,8,12,17,2.03,1.76
26-Apr-14,13:40,Gold Coast,GWS Giants,Metricon Stadium,134,94,,20,14,13,16,1.18,4.69
25-Apr-14,18:40,Fremantle,North Melbourne,Domain Stadium,61,74,,8,13,10,14,1.27,3.74
25-Apr-14,19:45,St Kilda,Brisbane,Westpac Stadium,79,82,,11,13,12,10,1.37,3.1
25-Apr-14,14:40,Collingwood,Essendon,MCG,83,60,,12,11,8,12,1.55,2.42
21-Apr-14,15:20,Geelong,Hawthorn,MCG,106,87,,15,16,12,15,2.52,1.52
20-Apr-14,16:40,Western Bulldogs,Carlton,Etihad Stadium,91,119,,13,13,18,11,1.77,2.02
20-Apr-14,15:20,Melbourne,Gold Coast,MCG,78,86,,11,12,11,20,3.09,1.37
20-Apr-14,12:40,Adelaide,GWS Giants,Adelaide Oval,137,72,,21,11,10,12,1.12,6.19
19-Apr-14,19:40,Essendon,St Kilda,Etihad Stadium,65,81,,9,11,11,15,1.11,6.45
19-Apr-14,17:40,West Coast,Port Adelaide,Domain Stadium,56,70,,7,14,10,10,1.84,1.93
19-Apr-14,16:40,Sydney,Fremantle,SCG,92,75,,13,14,11,9,2.4,1.56
19-Apr-14,13:40,Collingwood,North Melbourne,MCG,93,58,,13,15,8,10,1.86,1.91
17-Apr-14,19:50,Brisbane,Richmond,Gabba,63,106,,9,9,15,16,4.45,1.21
13-Apr-14,14:40,Fremantle,Essendon,Domain Stadium,113,60,,18,5,9,6,1.86,1.92
13-Apr-14,15:20,St Kilda,Adelaide,Etihad Stadium,50,136,,7,8,20,16,2.2,1.67
13-Apr-14,13:10,Sydney,North Melbourne,SCG,48,91,,6,12,13,13,1.4,2.93
12-Apr-14,19:40,Geelong,West Coast,Simonds Stadium,107,32,,16,11,4,8,1.16,5.07
12-Apr-14,19:40,Gold Coast,Hawthorn,Metricon Stadium,49,148,,7,7,23,10,4.38,1.21
12-Apr-14,16:40,GWS Giants,Western Bulldogs,StarTrack Oval Canberra,83,110,,12,11,17,8,2.49,1.53
12-Apr-14,13:40,Port Adelaide,Brisbane,Adelaide Oval,159,46,,24,15,7,4,1.13,5.83
12-Apr-14,13:45,Carlton,Melbourne,MCG,58,81,,7,16,12,9,1.15,5.18
11-Apr-14,19:50,Richmond,Collingwood,MCG,72,110,,10,12,16,14,2.63,1.48
6-Apr-14,19:10,Essendon,Carlton,MCG,138,57,,21,12,8,9,1.43,2.81
6-Apr-14,16:10,North Melbourne,Port Adelaide,Etihad Stadium,97,90,,14,13,13,12,2.07,1.74
6-Apr-14,13:10,GWS Giants,Melbourne,Spotless Stadium,79,47,,10,19,7,5,1.32,3.42
5-Apr-14,19:40,Collingwood,Geelong,MCG,76,87,,11,10,12,15,2.36,1.57
5-Apr-14,16:40,West Coast,St Kilda,Domain Stadium,83,58,,12,11,8,10,1.05,10.78
5-Apr-14,15:40,Gold Coast,Brisbane,Metricon Stadium,114,61,,17,12,9,7,1.7,2.12
5-Apr-14,13:40,Adelaide,Sydney,Adelaide Oval,71,134,,9,17,21,8,1.99,1.78
5-Apr-14,13:45,Western Bulldogs,Richmond,Etihad Stadium,100,98,,15,10,15,8,2.99,1.39
4-Apr-14,19:50,Hawthorn,Fremantle,MCG,137,79,,21,11,11,13,1.65,2.19
30-Mar-14,16:40,Western Bulldogs,North Melbourne,Etihad Stadium,54,83,,8,6,12,11,3.21,1.35
30-Mar-14,15:20,Melbourne,West Coast,MCG,30,123,,4,6,18,15,8.29,1.08
30-Mar-14,12:10,Brisbane,Geelong,Gabba,68,93,,10,8,13,15,3.6,1.29
29-Mar-14,16:40,Fremantle,Gold Coast,Domain Stadium,87,39,,12,15,5,9,1.08,7.62
29-Mar-14,19:40,Sydney,Collingwood,ANZ Stadium,69,89,,10,9,12,17,1.43,2.81
29-Mar-14,16:15,Port Adelaide,Adelaide,Adelaide Oval,127,73,,19,13,11,7,1.69,2.12
29-Mar-14,13:40,St Kilda,GWS Giants,Etihad Stadium,95,88,,15,5,13,10,1.73,2.07
28-Mar-14,19:50,Essendon,Hawthorn,Etihad Stadium,86,90,,12,14,13,12,2.67,1.46
27-Mar-14,19:45,Richmond,Carlton,MCG,98,86,,14,14,12,14,1.53,2.47
23-Mar-14,16:40,West Coast,Western Bulldogs,Domain Stadium,134,69,,21,8,11,3,1.2,4.57
22-Mar-14,19:40,St Kilda,Melbourne,Etihad Stadium,68,51,,10,8,6,15,2.2,1.66
22-Mar-14,16:40,Hawthorn,Brisbane,Aurora Stadium,139,91,,21,13,13,13,1.07,8.28
21-Mar-14,19:50,North Melbourne,Essendon,Etihad Stadium,60,99,,9,6,15,9,1.45,2.69
20-Mar-14,19:10,Geelong,Adelaide,Simonds Stadium,119,81,,18,11,12,9,1.33,3.29
16-Mar-14,19:40,Carlton,Port Adelaide,Etihad Stadium,87,120,,12,15,18,12,1.62,2.24
15-Mar-14,18:55,Gold Coast,Richmond,Metricon Stadium,87,69,,12,15,10,9,2.66,1.47
15-Mar-14,16:40,GWS Giants,Sydney,Spotless Stadium,99,67,,15,9,9,13,10.17,1.05
14-Mar-14,19:50,Collingwood,Fremantle,Etihad Stadium,46,116,,5,16,17,14,2.31,1.6
28-Sep-13,14:30,Hawthorn,Fremantle,MCG,77,62,Y,11,11,8,14,1.61,2.31
21-Sep-13,17:45,Fremantle,Sydney,Domain Stadium,99,74,Y,14,15,11,8,1.29,3.6
20-Sep-13,19:50,Hawthorn,Geelong,MCG,102,97,Y,14,18,15,7,1.38,3.02
14-Sep-13,19:45,Sydney,Carlton,ANZ Stadium,86,62,Y,13,8,8,14,1.35,3.19
13-Sep-13,19:50,Geelong,Port Adelaide,MCG,96,80,Y,13,18,12,8,1.21,4.38
8-Sep-13,15:20,Richmond,Carlton,MCG,96,116,Y,14,12,18,8,1.47,2.67
7-Sep-13,19:45,Collingwood,Port Adelaide,MCG,63,87,Y,9,9,12,15,1.21,4.43
7-Sep-13,14:20,Geelong,Fremantle,Simonds Stadium,72,87,Y,9,18,12,15,1.34,3.29
6-Sep-13,19:50,Hawthorn,Sydney,MCG,105,51,Y,15,15,7,9,1.57,2.38
1-Sep-13,16:40,Western Bulldogs,Melbourne,Etihad Stadium,107,87,,16,11,13,9,1.08,7.84
1-Sep-13,15:20,Collingwood,North Melbourne,MCG,114,125,,17,12,19,11,1.62,2.27
1-Sep-13,13:10,Gold Coast,GWS Giants,Metricon Stadium,146,63,,22,14,9,9,1.09,7.35
31-Aug-13,18:10,West Coast,Adelaide,Domain Stadium,43,129,,5,13,19,15,1.87,1.9
31-Aug-13,19:40,Essendon,Richmond,MCG,65,104,,9,11,15,14,2.86,1.42
31-Aug-13,16:10,Port Adelaide,Carlton,AAMI Stadium,103,104,,15,13,15,14,1.88,1.87
31-Aug-13,14:10,Geelong,Brisbane,Simonds Stadium,112,111,,15,22,17,9,1.04,10.44
31-Aug-13,13:45,St Kilda,Fremantle,Etihad Stadium,112,41,,16,16,6,5,1.83,2.1
30-Aug-13,19:50,Sydney,Hawthorn,ANZ Stadium,100,112,,16,4,17,10,3.02,1.38
25-Aug-13,16:40,Brisbane,Western Bulldogs,Gabba,100,93,,15,10,13,15,1.54,2.44
25-Aug-13,15:20,GWS Giants,Richmond,Spotless Stadium,42,163,,6,6,25,13,16.89,1.01
25-Aug-13,13:10,St Kilda,Gold Coast,Etihad Stadium,116,70,,17,14,10,10,1.74,2.06
24-Aug-13,19:40,Carlton,Essendon,MCG,76,82,,9,22,12,10,1.41,2.86
24-Aug-13,17:40,Fremantle,Port Adelaide,Domain Stadium,134,60,,21,8,9,6,1.16,5.17
24-Aug-13,16:40,Geelong,Sydney,Simonds Stadium,92,48,,13,14,7,6,1.46,2.71
24-Aug-13,14:10,North Melbourne,Hawthorn,Etihad Stadium,103,117,,15,13,17,15,3.28,1.34
24-Aug-13,13:15,Adelaide,Melbourne,AAMI Stadium,120,52,,18,12,7,10,1.02,15.5
23-Aug-13,19:50,Collingwood,West Coast,MCG,101,39,,15,11,5,9,1.13,5.87
18-Aug-13,16:40,Western Bulldogs,Adelaide,Etihad Stadium,131,114,,20,11,17,12,2.08,1.72
18-Aug-13,15:20,Sydney,St Kilda,SCG,118,59,,18,10,8,11,1.02,14.85
18-Aug-13,13:10,Melbourne,Fremantle,MCG,38,133,,5,8,20,13,16.1,1.02
17-Aug-13,19:40,Brisbane,GWS Giants,Gabba,123,63,,18,15,9,9,1.03,12.64
17-Aug-13,17:40,West Coast,Geelong,Domain Stadium,41,107,,6,5,16,11,2.65,1.48
17-Aug-13,16:40,Essendon,North Melbourne,Etihad Stadium,70,115,,9,16,17,13,2.73,1.45
17-Aug-13,13:40,Port Adelaide,Gold Coast,AAMI Stadium,113,96,,16,17,14,12,1.2,4.56
17-Aug-13,13:45,Richmond,Carlton,MCG,96,106,,14,12,16,10,1.3,3.52
16-Aug-13,19:50,Hawthorn,Collingwood,MCG,119,84,,18,11,12,12,1.53,2.48
11-Aug-13,14:40,Fremantle,GWS Giants,Domain Stadium,157,44,,24,13,6,8,1.01,18.91
11-Aug-13,14:50,Adelaide,North Melbourne,AAMI Stadium,79,70,,11,13,10,10,2.04,1.75
11-Aug-13,13:10,Essendon,West Coast,Etihad Stadium,67,120,,9,13,18,12,1.42,2.86
10-Aug-13,19:40,Gold Coast,Melbourne,Metricon Stadium,90,77,,13,12,10,17,1.12,6.41
10-Aug-13,19:40,Sydney,Collingwood,ANZ Stadium,71,100,,10,11,14,16,1.41,2.86
10-Aug-13,16:40,Carlton,Western Bulldogs,Etihad Stadium,89,117,,13,11,16,21,1.34,3.26
10-Aug-13,14:10,Geelong,Port Adelaide,Simonds Stadium,129,104,,20,9,16,8,1.11,6.53
10-Aug-13,13:45,Richmond,Brisbane,MCG,97,74,,14,13,11,8,1.16,5.05
9-Aug-13,19:50,St Kilda,Hawthorn,Etihad Stadium,56,102,,7,14,14,18,11.36,1.04
4-Aug-13,16:40,Collingwood,Essendon,MCG,133,54,,20,13,7,12,1.86,1.92
4-Aug-13,14:50,Adelaide,Port Adelaide,AAMI Stadium,103,107,,15,13,17,5,2.01,1.78
4-Aug-13,13:10,Western Bulldogs,Sydney,Etihad Stadium,99,134,,15,9,21,8,7.73,1.08
3-Aug-13,19:40,Brisbane,St Kilda,Gabba,108,77,,16,12,11,11,1.26,3.84
3-Aug-13,19:40,Carlton,Fremantle,Etihad Stadium,80,116,,12,8,17,14,1.83,1.95
3-Aug-13,14:40,West Coast,Gold Coast,Domain Stadium,130,113,,20,10,17,11,1.44,2.77
3-Aug-13,14:10,Hawthorn,Richmond,MCG,66,107,,9,12,16,11,1.21,4.32
3-Aug-13,13:45,GWS Giants,Melbourne,Spotless Stadium,124,87,,19,10,12,15,1.65,2.2
2-Aug-13,19:50,North Melbourne,Geelong,Etihad Stadium,96,86,,15,6,13,8,3.35,1.32
28-Jul-13,16:40,Sydney,Richmond,SCG,110,63,,16,14,9,9,1.27,3.68
28-Jul-13,15:20,Western Bulldogs,West Coast,Etihad Stadium,111,89,,16,15,13,11,2.5,1.52
28-Jul-13,12:40,Port Adelaide,Brisbane,AAMI Stadium,71,62,,9,17,9,8,1.38,3
27-Jul-13,17:40,Fremantle,Adelaide,Domain Stadium,75,53,,11,9,7,11,1.25,3.87
27-Jul-13,19:40,Geelong,St Kilda,Simonds Stadium,137,36,,21,11,5,6,1.07,8.27
27-Jul-13,16:40,Collingwood,GWS Giants,MCG,106,66,,15,16,10,6,1.01,21.45
27-Jul-13,14:10,Melbourne,North Melbourne,Etihad Stadium,28,150,,4,4,22,18,13.31,1.03
27-Jul-13,13:45,Gold Coast,Carlton,Metricon Stadium,77,120,,11,11,16,24,2.82,1.42
26-Jul-13,19:50,Essendon,Hawthorn,Etihad Stadium,87,143,,13,9,22,11,3.33,1.32
21-Jul-13,14:40,West Coast,Sydney,Domain Stadium,79,113,,11,13,17,11,2.58,1.49
21-Jul-13,14:50,Adelaide,Geelong,AAMI Stadium,94,92,,14,10,14,8,4.36,1.21
21-Jul-13,13:10,Richmond,Fremantle,MCG,84,57,,12,12,8,9,1.7,2.11
20-Jul-13,19:10,Melbourne,Brisbane,TIO Stadium,75,94,,11,9,13,16,3.96,1.25
20-Jul-13,19:40,St Kilda,Port Adelaide,Etihad Stadium,92,97,,13,14,14,13,2.03,1.77
20-Jul-13,16:40,Gold Coast,Collingwood,Metricon Stadium,85,78,,13,7,11,12,4.83,1.18
20-Jul-13,14:10,GWS Giants,Essendon,Spotless Stadium,77,116,,11,11,18,8,17.22,1.01
20-Jul-13,13:45,Hawthorn,Western Bulldogs,Aurora Stadium,95,76,,13,17,11,10,1.01,14.85
19-Jul-13,19:50,North Melbourne,Carlton,Etihad Stadium,108,109,,16,12,16,13,1.65,2.21
14-Jul-13,14:40,West Coast,Fremantle,Domain Stadium,93,121,,14,9,19,7,2.83,1.42
14-Jul-13,15:20,Western Bulldogs,Essendon,Etihad Stadium,90,121,,14,6,18,13,7.25,1.09
14-Jul-13,13:10,Sydney,GWS Giants,SCG,171,42,,24,27,5,12,1.01,19.92
13-Jul-13,19:40,Brisbane,North Melbourne,Gabba,117,105,,18,9,17,3,2.82,1.43
13-Jul-13,19:40,Carlton,St Kilda,Etihad Stadium,110,74,,16,14,10,14,1.36,3.12
13-Jul-13,16:40,Richmond,Gold Coast,Cazaly’s Stadium,53,44,,6,17,6,8,1.23,4.1
13-Jul-13,14:10,Geelong,Melbourne,Simonds Stadium,98,30,,13,20,4,6,1.01,17.58
13-Jul-13,13:15,Port Adelaide,Hawthorn,AAMI Stadium,79,124,,12,7,19,10,3.29,1.33
12-Jul-13,19:50,Collingwood,Adelaide,MCG,111,84,,17,9,12,12,1.18,4.81
7-Jul-13,16:40,Essendon,Port Adelaide,Etihad Stadium,118,88,,18,10,12,16,1.31,3.38
7-Jul-13,13:20,Fremantle,St Kilda,Domain Stadium,100,70,,15,10,11,4,1.03,11.92
7-Jul-13,13:10,Melbourne,Sydney,MCG,85,116,,13,7,16,20,14.84,1.02
6-Jul-13,19:10,Adelaide,West Coast,AAMI Stadium,69,75,,9,15,11,9,1.59,2.33
6-Jul-13,19:40,Geelong,Hawthorn,MCG,82,72,,11,16,10,12,2.25,1.63
6-Jul-13,16:40,Brisbane,Gold Coast,Gabba,116,83,,17,14,12,11,1.29,3.63
6-Jul-13,14:10,North Melbourne,Richmond,Etihad Stadium,128,66,,19,14,8,18,2.65,1.47
6-Jul-13,13:45,GWS Giants,Western Bulldogs,StarTrack Oval Canberra,83,87,,12,11,13,9,4.31,1.21
5-Jul-13,19:50,Carlton,Collingwood,MCG,77,118,,12,5,17,16,1.62,2.27
30-Jun-13,16:40,Richmond,St Kilda,MCG,119,55,,17,17,8,7,1.19,4.61
30-Jun-13,15:20,North Melbourne,GWS Giants,Etihad Stadium,130,44,,19,16,6,8,1.01,18.75
30-Jun-13,13:10,Hawthorn,Brisbane,Aurora Stadium,143,85,,21,17,12,13,1.06,8.84
29-Jun-13,19:40,Geelong,Fremantle,Simonds Stadium,85,44,,11,19,7,2,1.37,3.08
29-Jun-13,19:40,Melbourne,Western Bulldogs,MCG,103,100,,15,13,15,10,4.29,1.22
29-Jun-13,16:10,Port Adelaide,Collingwood,AAMI Stadium,86,51,,13,8,7,9,2.96,1.39
29-Jun-13,13:40,Gold Coast,Adelaide,Metricon Stadium,83,111,,11,17,16,15,2.35,1.58
28-Jun-13,19:50,Sydney,Carlton,SCG,65,43,,8,17,5,13,1.4,2.93
27-Jun-13,18:10,West Coast,Essendon,Domain Stadium,91,98,,13,13,15,8,2.08,1.73
23-Jun-13,16:40,Brisbane,Geelong,Gabba,103,98,,15,13,14,14,5.58,1.14
23-Jun-13,13:20,Fremantle,North Melbourne,Domain Stadium,67,29,,10,7,4,5,1.32,3.35
22-Jun-13,19:40,Western Bulldogs,Richmond,Etihad Stadium,61,121,,8,13,17,19,6.65,1.11
22-Jun-13,16:40,St Kilda,Melbourne,MCG,104,69,,16,8,10,9,1.11,6.47
22-Jun-13,13:10,Port Adelaide,Sydney,AAMI Stadium,72,54,,10,12,8,6,7.12,1.1
21-Jun-13,19:50,Hawthorn,West Coast,Etihad Stadium,123,103,,19,9,16,7,1.16,5.17
16-Jun-13,16:40,Collingwood,Western Bulldogs,Etihad Stadium,99,65,,15,9,9,11,1.11,6.41
16-Jun-13,13:10,GWS Giants,Port Adelaide,Spotless Stadium,50,125,,6,14,19,11,4.26,1.22
15-Jun-13,19:40,Essendon,Gold Coast,Etihad Stadium,115,72,,17,13,11,6,1.16,5.29
15-Jun-13,14:40,Fremantle,Brisbane,Domain Stadium,86,46,,12,14,6,10,1.06,9.37
15-Jun-13,13:40,Richmond,Adelaide,MCG,110,72,,16,14,10,12,1.36,3.14
14-Jun-13,19:50,Carlton,Hawthorn,Etihad Stadium,87,102,,13,9,15,12,4.07,1.23
10-Jun-13,15:15,Melbourne,Collingwood,MCG,39,122,,5,9,17,20,15.9,1.02
9-Jun-13,16:40,St Kilda,West Coast,Etihad Stadium,80,84,,11,14,12,12,2.86,1.42
8-Jun-13,19:40,Gold Coast,North Melbourne,Metricon Stadium,66,51,,9,12,8,3,3.4,1.31
8-Jun-13,16:10,Adelaide,Sydney,AAMI Stadium,50,127,,6,14,19,13,2.47,1.53
8-Jun-13,13:40,GWS Giants,Geelong,Spotless Stadium,98,157,,15,8,24,13,17.9,1.01
7-Jun-13,19:50,Essendon,Carlton,MCG,77,72,,11,11,10,12,1.8,1.98
3-Jun-13,17:40,West Coast,Richmond,Domain Stadium,62,103,,8,14,16,7,1.28,3.63
2-Jun-13,16:40,North Melbourne,St Kilda,Etihad Stadium,133,65,,19,19,10,5,1.22,4.29
2-Jun-13,15:20,Melbourne,Hawthorn,MCG,48,143,,6,12,21,17,21.38,1.01
1-Jun-13,19:40,Geelong,Gold Coast,Simonds Stadium,123,71,,18,15,10,11,1.03,13.05
1-Jun-13,19:10,Western Bulldogs,Port Adelaide,TIO Stadium,67,58,,10,7,8,10,2.57,1.5
1-Jun-13,16:40,Sydney,Essendon,SCG,115,71,,17,13,10,11,1.51,2.52
1-Jun-13,13:40,Adelaide,Fremantle,AAMI Stadium,59,66,,8,11,10,6,1.81,1.98
1-Jun-13,13:45,Carlton,GWS Giants,Etihad Stadium,148,54,,22,16,8,6,1.01,18.52
31-May-13,19:50,Brisbane,Collingwood,Gabba,51,100,,7,9,14,16,4.5,1.2
26-May-13,14:40,Fremantle,Melbourne,Domain Stadium,130,40,,19,16,6,4,1.01,16.25
26-May-13,15:20,North Melbourne,Adelaide,Etihad Stadium,124,125,,19,10,18,17,1.44,2.74
26-May-13,13:10,Hawthorn,Gold Coast,MCG,118,92,,18,10,14,8,1.01,16.33
25-May-13,19:45,Richmond,Essendon,MCG,62,91,,9,8,13,13,2.04,1.75
25-May-13,19:40,Brisbane,Carlton,Gabba,85,98,,12,13,13,20,2.73,1.45
25-May-13,16:40,St Kilda,Western Bulldogs,Etihad Stadium,101,110,,15,11,17,8,1.18,4.71
25-May-13,14:10,GWS Giants,West Coast,Spotless Stadium,55,155,,8,7,23,17,16.03,1.01
25-May-13,13:15,Port Adelaide,Geelong,AAMI Stadium,68,116,,9,14,18,8,4.71,1.18
24-May-13,19:50,Collingwood,Sydney,MCG,55,102,,8,7,15,12,1.61,2.28
19-May-13,16:10,Adelaide,St Kilda,AAMI Stadium,87,47,,12,15,6,11,1.33,3.32
19-May-13,15:20,Richmond,Melbourne,MCG,106,72,,15,16,11,6,1.02,14.7
19-May-13,13:10,Carlton,Port Adelaide,Etihad Stadium,109,91,,16,13,14,7,1.37,3.04
18-May-13,19:40,Collingwood,Geelong,MCG,102,96,,15,12,14,12,3.29,1.33
18-May-13,19:40,Sydney,Fremantle,SCG,70,70,,11,4,9,16,1.35,3.15
18-May-13,16:40,Gold Coast,Western Bulldogs,Metricon Stadium,93,61,,13,15,8,13,1.62,2.26
18-May-13,14:10,Hawthorn,GWS Giants,Aurora Stadium,140,57,,21,14,9,3,1.01,29.63
18-May-13,13:45,Essendon,Brisbane,Etihad Stadium,86,96,,12,14,14,12,1.04,10.82
17-May-13,18:40,West Coast,North Melbourne,Domain Stadium,90,88,,12,18,13,10,1.37,3.06
13-May-13,19:40,St Kilda,Carlton,Etihad Stadium,77,68,,11,11,9,14,3.81,1.26
12-May-13,16:40,Melbourne,Gold Coast,MCG,54,114,,7,12,16,18,2.1,1.72
12-May-13,13:10,GWS Giants,Adelaide,Spotless Stadium,52,187,,7,10,29,13,9.51,1.05
11-May-13,17:40,Fremantle,Collingwood,Domain Stadium,100,73,,15,10,10,13,2.43,1.55
11-May-13,19:40,Hawthorn,Sydney,MCG,119,82,,18,11,12,10,1.48,2.63
11-May-13,16:40,Western Bulldogs,North Melbourne,Etihad Stadium,97,151,,15,7,22,19,7.64,1.08
11-May-13,14:10,Brisbane,West Coast,Gabba,82,108,,12,10,17,6,4.34,1.21
11-May-13,13:15,Port Adelaide,Richmond,AAMI Stadium,73,114,,10,13,18,6,1.55,2.43
10-May-13,19:50,Geelong,Essendon,Etihad Stadium,113,85,,17,11,11,19,1.65,2.21
5-May-13,14:40,West Coast,Western Bulldogs,Domain Stadium,137,67,,21,11,10,7,1.03,13.06
5-May-13,15:20,Carlton,Melbourne,MCG,121,60,,18,13,8,12,1.02,15.5
5-May-13,13:10,Sydney,Brisbane,SCG,115,55,,17,13,8,7,1.07,8.53
4-May-13,19:40,Gold Coast,Fremantle,Metricon Stadium,54,99,,7,12,15,9,2.83,1.42
4-May-13,19:40,Richmond,Geelong,MCG,87,131,,13,9,20,11,2.94,1.39
4-May-13,16:10,Adelaide,Hawthorn,AAMI Stadium,78,89,,11,12,13,11,4.46,1.2
4-May-13,14:10,North Melbourne,Port Adelaide,Blundstone Arena,93,83,,14,9,12,11,1.38,2.98
4-May-13,13:45,Essendon,GWS Giants,Etihad Stadium,120,81,,17,18,12,9,1.01,19.27
3-May-13,19:50,Collingwood,St Kilda,Etihad Stadium,103,77,,15,13,11,11,1.22,4.17
28-Apr-13,16:40,Hawthorn,North Melbourne,MCG,99,96,,14,15,13,18,1.18,4.89
28-Apr-13,15:20,Brisbane,Melbourne,Gabba,122,94,,17,20,14,10,1.17,4.92
27-Apr-13,19:15,Port Adelaide,West Coast,AAMI Stadium,84,79,,12,12,10,19,1.97,1.82
27-Apr-13,19:40,Western Bulldogs,Geelong,Etihad Stadium,86,107,,13,8,15,17,13.89,1.02
27-Apr-13,16:40,Carlton,Adelaide,MCG,115,83,,17,13,12,11,1.44,2.78
27-Apr-13,13:45,GWS Giants,Gold Coast,StarTrack Oval Canberra,104,148,,16,8,21,22,3.19,1.35
26-Apr-13,18:45,Fremantle,Richmond,Domain Stadium,81,80,,12,9,12,8,1.45,2.76
25-Apr-13,19:50,St Kilda,Sydney,Westpac Stadium,63,79,,9,9,11,13,4.76,1.19
25-Apr-13,14:40,Essendon,Collingwood,MCG,121,75,,18,13,10,15,2.21,1.65
21-Apr-13,16:40,North Melbourne,Brisbane,Etihad Stadium,125,62,,18,17,9,8,1.27,3.78
21-Apr-13,14:45,Adelaide,Western Bulldogs,AAMI Stadium,80,28,,12,8,4,4,1.11,6.46
21-Apr-13,13:10,Melbourne,GWS Giants,MCG,144,103,,22,12,15,13,1.46,2.69
20-Apr-13,19:40,Gold Coast,Port Adelaide,Metricon Stadium,66,104,,9,12,16,8,2.62,1.49
20-Apr-13,17:40,West Coast,Carlton,Domain Stadium,65,89,,7,23,12,17,1.39,2.95
20-Apr-13,16:40,St Kilda,Essendon,Etihad Stadium,91,128,,13,13,19,14,2.49,1.53
20-Apr-13,14:10,Richmond,Collingwood,MCG,79,113,,11,13,16,17,1.86,1.92
20-Apr-13,13:45,Hawthorn,Fremantle,Aurora Stadium,118,76,,18,10,11,10,1.17,5.04
19-Apr-13,19:50,Sydney,Geelong,SCG,103,124,,16,7,19,10,1.6,2.33
14-Apr-13,16:10,Port Adelaide,Adelaide,AAMI Stadium,118,109,,17,16,16,13,2.7,1.46
14-Apr-13,15:15,Collingwood,Hawthorn,MCG,90,145,,13,12,22,13,2.35,1.58
14-Apr-13,13:10,Richmond,Western Bulldogs,Etihad Stadium,135,68,,20,15,10,8,1.25,3.9
13-Apr-13,19:40,Geelong,Carlton,Etihad Stadium,119,103,,18,11,15,13,1.51,2.53
13-Apr-13,19:40,Gold Coast,Brisbane,Metricon Stadium,92,94,,13,14,13,16,2.66,1.47
13-Apr-13,16:40,GWS Giants,St Kilda,StarTrack Oval Canberra,68,140,,10,8,21,14,4.61,1.2
13-Apr-13,14:10,Melbourne,West Coast,MCG,83,177,,13,5,27,15,11.52,1.03
13-Apr-13,13:45,North Melbourne,Sydney,Blundstone Arena,92,131,,13,14,20,11,2.11,1.72
12-Apr-13,18:40,Fremantle,Essendon,Domain Stadium,68,72,,9,14,10,12,1.43,2.84
7-Apr-13,14:40,West Coast,Hawthorn,Domain Stadium,98,148,,15,8,23,10,1.96,1.82
7-Apr-13,15:15,Collingwood,Carlton,MCG,117,100,,17,15,15,10,1.47,2.68
7-Apr-13,13:10,Geelong,North Melbourne,Etihad Stadium,112,108,,16,16,17,6,1.43,2.79
6-Apr-13,19:40,Essendon,Melbourne,MCG,184,36,,28,16,5,6,1.08,7.93
6-Apr-13,19:10,Port Adelaide,GWS Giants,AAMI Stadium,134,78,,19,20,11,12,1.14,5.89
6-Apr-13,15:40,Brisbane,Adelaide,Gabba,77,96,,10,17,14,12,1.99,1.81
6-Apr-13,14:10,Western Bulldogs,Fremantle,Etihad Stadium,78,106,,11,12,16,10,3.26,1.33
6-Apr-13,13:45,Sydney,Gold Coast,SCG,114,73,,17,12,11,7,1.09,7.51
5-Apr-13,19:50,St Kilda,Richmond,MCG,82,99,,12,10,14,15,2.95,1.4
1-Apr-13,15:20,Hawthorn,Geelong,MCG,86,93,,12,14,13,15,1.6,2.32
31-Mar-13,16:40,North Melbourne,Collingwood,Etihad Stadium,87,103,,13,9,15,13,2.38,1.58
31-Mar-13,13:10,Melbourne,Port Adelaide,MCG,54,133,,8,6,19,19,1.83,1.94
30-Mar-13,18:45,Gold Coast,St Kilda,Metricon Stadium,90,77,,13,12,10,17,3.37,1.32
30-Mar-13,16:40,GWS Giants,Sydney,ANZ Stadium,76,106,,11,10,16,10,11.62,1.04
30-Mar-13,13:40,Western Bulldogs,Brisbane,Etihad Stadium,127,59,,19,13,7,17,3.83,1.27
28-Mar-13,19:45,Carlton,Richmond,MCG,101,106,,14,17,14,22,1.86,1.91
23-Mar-13,16:40,Fremantle,West Coast,Domain Stadium,108,80,,16,12,11,14,1.76,2.02
22-Mar-13,20:10,Adelaide,Essendon,AAMI Stadium,82,117,,11,16,18,9,1.46,2.68
29-Sep-12,14:30,Hawthorn,Sydney,MCG,81,91,Y,11,15,14,7,1.52,2.53
22-Sep-12,17:15,Hawthorn,Adelaide,MCG,97,92,Y,13,19,14,8,1.13,5.85
21-Sep-12,19:45,Sydney,Collingwood,ANZ Stadium,96,70,Y,13,18,10,10,1.55,2.43
15-Sep-12,19:45,Collingwood,West Coast,MCG,73,60,Y,10,13,9,6,1.86,1.91
14-Sep-12,19:45,Adelaide,Fremantle,AAMI Stadium,81,71,Y,12,9,11,5,1.6,2.31
9-Sep-12,13:15,West Coast,North Melbourne,Domain Stadium,162,66,Y,24,18,9,12,1.2,4.53
8-Sep-12,19:45,Geelong,Fremantle,MCG,80,96,Y,11,14,14,12,1.28,3.64
8-Sep-12,14:45,Adelaide,Sydney,AAMI Stadium,42,71,Y,5,12,11,5,1.63,2.24
7-Sep-12,19:50,Hawthorn,Collingwood,MCG,135,97,Y,20,15,15,7,1.32,3.35
2-Sep-12,16:40,Brisbane,Western Bulldogs,Gabba,128,61,,19,14,9,7,1.2,4.56
2-Sep-12,15:15,Richmond,Port Adelaide,MCG,106,106,,16,10,16,10,1.1,6.84
2-Sep-12,13:10,Carlton,St Kilda,Etihad Stadium,91,106,,12,19,16,10,1.97,1.8
1-Sep-12,19:40,Essendon,Collingwood,MCG,72,104,,10,12,14,20,5.25,1.15
1-Sep-12,17:40,Fremantle,Melbourne,Domain Stadium,101,40,,14,17,5,10,1.03,11.75
1-Sep-12,16:40,GWS Giants,North Melbourne,Spotless Stadium,77,105,,11,11,16,9,16,1.01
1-Sep-12,13:40,Adelaide,Gold Coast,AAMI Stadium,153,62,,22,21,9,8,1.01,16.82
1-Sep-12,13:45,Geelong,Sydney,Simonds Stadium,112,78,,17,10,11,12,1.65,2.2
31-Aug-12,19:50,Hawthorn,West Coast,MCG,95,70,,14,11,10,10,1.25,3.9
26-Aug-12,16:40,Melbourne,Adelaide,MCG,81,150,,11,15,22,18,6.16,1.12
26-Aug-12,15:15,North Melbourne,Fremantle,Etihad Stadium,79,132,,12,7,20,12,1.27,3.67
26-Aug-12,13:10,Geelong,Western Bulldogs,Simonds Stadium,107,73,,16,11,11,7,1.02,15.55
25-Aug-12,19:40,Gold Coast,Carlton,Metricon Stadium,98,86,,15,8,11,20,13.6,1.02
25-Aug-12,17:40,West Coast,Collingwood,Domain Stadium,107,58,,15,17,8,10,1.68,2.16
25-Aug-12,16:40,Sydney,Hawthorn,SCG,95,102,,14,11,15,12,1.97,1.79
25-Aug-12,13:40,Port Adelaide,Brisbane,AAMI Stadium,93,104,,14,9,16,8,2.22,1.64
25-Aug-12,13:45,St Kilda,GWS Giants,Etihad Stadium,163,35,,25,13,5,5,1.01,20.4
24-Aug-12,19:50,Richmond,Essendon,MCG,102,57,,13,24,8,9,1.59,2.3
19-Aug-12,16:40,Hawthorn,Gold Coast,MCG,129,65,,19,15,10,5,1.01,23.58
19-Aug-12,15:15,Western Bulldogs,Sydney,Etihad Stadium,85,167,,13,7,26,11,8.66,1.06
19-Aug-12,12:40,Port Adelaide,West Coast,AAMI Stadium,50,98,,6,14,14,14,5.64,1.13
18-Aug-12,19:40,Brisbane,Adelaide,Gabba,95,85,,13,17,12,13,4.29,1.21
18-Aug-12,19:40,Collingwood,North Melbourne,Etihad Stadium,61,91,,8,13,13,13,1.31,3.42
18-Aug-12,14:40,Fremantle,Richmond,Domain Stadium,94,72,,13,16,11,6,1.39,2.95
18-Aug-12,14:10,GWS Giants,Melbourne,StarTrack Oval Canberra,59,84,,9,5,11,18,4.55,1.19
18-Aug-12,13:45,Essendon,Carlton,MCG,60,156,,8,12,24,12,2.05,1.74
17-Aug-12,19:50,Geelong,St Kilda,Etihad Stadium,123,81,,18,15,11,15,1.31,3.38
12-Aug-12,16:40,Essendon,North Melbourne,Etihad Stadium,76,100,,11,10,15,10,2.19,1.65
12-Aug-12,15:15,Richmond,Western Bulldogs,MCG,150,80,,22,18,12,8,1.14,5.62
12-Aug-12,13:10,Hawthorn,Port Adelaide,Aurora Stadium,159,87,,24,15,13,9,1.01,19.5
11-Aug-12,19:40,Carlton,Brisbane,Etihad Stadium,113,77,,17,11,10,17,1.19,4.68
11-Aug-12,19:40,Sydney,Collingwood,ANZ Stadium,70,78,,9,16,12,6,1.59,2.34
11-Aug-12,16:40,Gold Coast,GWS Giants,Metricon Stadium,109,79,,16,13,12,7,1.36,3.08
11-Aug-12,13:40,Adelaide,Fremantle,AAMI Stadium,119,91,,17,17,14,7,1.4,2.91
11-Aug-12,13:45,St Kilda,Melbourne,MCG,107,82,,16,11,12,10,1.05,9.67
10-Aug-12,18:40,West Coast,Geelong,Domain Stadium,102,97,,16,6,15,7,1.68,2.15
5-Aug-12,14:10,Adelaide,Essendon,AAMI Stadium,104,100,,16,8,15,10,1.15,5.45
5-Aug-12,15:15,Carlton,Sydney,Etihad Stadium,71,93,,10,11,14,9,2.97,1.39
5-Aug-12,13:10,Melbourne,Gold Coast,MCG,108,66,,16,12,9,12,1.39,3.02
4-Aug-12,19:40,Brisbane,Richmond,Gabba,84,132,,12,12,20,12,2.21,1.64
4-Aug-12,19:40,Collingwood,St Kilda,MCG,91,85,,12,19,13,7,1.4,2.94
4-Aug-12,14:40,Fremantle,West Coast,Domain Stadium,113,48,,17,11,6,12,2.59,1.49
4-Aug-12,14:10,GWS Giants,Port Adelaide,Spotless Stadium,107,73,,16,11,10,13,6.7,1.1
4-Aug-12,13:45,Western Bulldogs,North Melbourne,Etihad Stadium,61,115,,8,13,18,7,7.84,1.08
3-Aug-12,19:50,Hawthorn,Geelong,MCG,116,118,,17,14,18,10,1.29,3.61
29-Jul-12,14:40,West Coast,Brisbane,Domain Stadium,175,77,,28,7,12,5,1.14,5.66
29-Jul-12,15:15,St Kilda,Western Bulldogs,Etihad Stadium,118,42,,16,22,6,6,1.14,5.54
29-Jul-12,12:40,Port Adelaide,Fremantle,AAMI Stadium,48,75,,6,12,11,9,2.45,1.54
28-Jul-12,19:40,Carlton,Richmond,MCG,95,91,,14,11,13,13,2.34,1.58
28-Jul-12,19:40,Gold Coast,Sydney,Metricon Stadium,54,126,,8,6,19,12,9.98,1.05
28-Jul-12,16:40,GWS Giants,Collingwood,Spotless Stadium,54,174,,7,12,26,18,22.17,1.01
28-Jul-12,14:10,North Melbourne,Melbourne,Etihad Stadium,127,73,,19,13,11,7,1.09,7.67
28-Jul-12,13:45,Geelong,Adelaide,Simonds Stadium,102,75,,15,12,11,9,1.61,2.27
27-Jul-12,19:50,Essendon,Hawthorn,Etihad Stadium,86,180,,12,14,27,18,5.2,1.16
22-Jul-12,14:40,Fremantle,GWS Giants,Domain Stadium,132,37,,18,24,5,7,1.01,21.83
22-Jul-12,15:15,Richmond,North Melbourne,MCG,99,103,,14,15,15,13,2.1,1.73
22-Jul-12,13:10,Sydney,St Kilda,SCG,105,76,,15,15,10,16,1.36,3.11
21-Jul-12,19:10,Melbourne,Port Adelaide,TIO Stadium,56,84,,8,8,12,12,2.24,1.63
21-Jul-12,19:40,Western Bulldogs,Carlton,Etihad Stadium,84,102,,12,12,16,6,2.35,1.58
21-Jul-12,16:40,Gold Coast,Brisbane,Metricon Stadium,48,59,,5,18,8,11,3.95,1.25
21-Jul-12,13:40,Adelaide,West Coast,AAMI Stadium,124,75,,19,10,11,9,1.43,2.78
21-Jul-12,13:45,Collingwood,Hawthorn,MCG,91,138,,13,13,21,12,1.9,1.88
20-Jul-12,19:50,Geelong,Essendon,Etihad Stadium,134,67,,20,14,10,7,2.02,1.76
15-Jul-12,14:40,West Coast,Sydney,Domain Stadium,69,121,,10,9,18,13,1.69,2.13
15-Jul-12,15:15,Western Bulldogs,Hawthorn,Etihad Stadium,44,116,,6,8,17,14,10.07,1.04
15-Jul-12,13:10,GWS Giants,Adelaide,Spotless Stadium,59,178,,8,11,27,16,16.46,1.01
14-Jul-12,19:40,Brisbane,St Kilda,Gabba,92,105,,14,8,16,9,2.53,1.51
14-Jul-12,19:40,Geelong,Collingwood,MCG,79,110,,10,19,17,8,2.65,1.48
14-Jul-12,16:40,Richmond,Gold Coast,Cazaly’s Stadium,88,90,,13,10,13,12,1.16,5.18
14-Jul-12,13:40,Port Adelaide,Essendon,AAMI Stadium,77,127,,11,11,19,13,2.7,1.45
14-Jul-12,13:45,Melbourne,Fremantle,Etihad Stadium,83,117,,12,11,18,9,3.16,1.35
13-Jul-12,19:50,North Melbourne,Carlton,Etihad Stadium,149,96,,24,5,14,12,2.12,1.7
8-Jul-12,14:40,Fremantle,Western Bulldogs,Domain Stadium,95,57,,14,11,8,9,1.19,4.73
8-Jul-12,15:15,Gold Coast,Geelong,Metricon Stadium,96,110,,13,18,15,20,12.68,1.03
8-Jul-12,13:10,Hawthorn,GWS Giants,MCG,193,31,,28,25,4,7,1,21
7-Jul-12,19:10,Port Adelaide,Adelaide,AAMI Stadium,58,116,,8,10,17,14,3.73,1.27
7-Jul-12,19:40,St Kilda,Essendon,Etihad Stadium,133,62,,21,7,8,14,2.93,1.4
7-Jul-12,16:40,Sydney,Brisbane,SCG,110,63,,16,14,9,9,1.17,5.05
7-Jul-12,14:10,Melbourne,Richmond,MCG,78,101,,11,12,13,23,4.72,1.18
7-Jul-12,13:45,North Melbourne,West Coast,Blundstone Arena,84,86,,13,6,12,14,2.67,1.46
6-Jul-12,19:50,Collingwood,Carlton,MCG,62,85,,8,14,12,13,1.2,4.46
1-Jul-12,16:40,St Kilda,North Melbourne,Etihad Stadium,103,136,,15,13,21,10,1.38,2.97
1-Jul-12,15:15,Brisbane,Melbourne,Gabba,122,61,,18,14,8,13,1.18,4.91
1-Jul-12,13:10,Geelong,Port Adelaide,Simonds Stadium,99,61,,14,15,8,13,1.04,11.25
30-Jun-12,19:40,Essendon,Western Bulldogs,Etihad Stadium,140,56,,21,14,8,8,1.19,4.61
30-Jun-12,19:40,Sydney,GWS Giants,ANZ Stadium,132,38,,19,18,5,8,1.01,19.94
30-Jun-12,16:40,West Coast,Gold Coast,Domain Stadium,166,40,,25,16,5,10,1.01,19.42
30-Jun-12,13:40,Adelaide,Richmond,AAMI Stadium,106,87,,17,4,13,9,1.4,2.88
30-Jun-12,13:45,Collingwood,Fremantle,MCG,107,78,,15,17,12,6,1.1,7.11
29-Jun-12,19:50,Carlton,Hawthorn,MCG,70,120,,10,10,18,12,3.43,1.3
24-Jun-12,16:40,North Melbourne,Adelaide,Etihad Stadium,121,89,,17,19,13,11,3.12,1.35
24-Jun-12,15:15,Melbourne,GWS Giants,MCG,135,57,,20,15,9,3,1.28,3.67
23-Jun-12,17:40,Fremantle,Essendon,Domain Stadium,89,113,,14,5,17,11,2.2,1.65
23-Jun-12,16:40,Collingwood,West Coast,MCG,85,82,,12,13,12,10,1.4,2.91
23-Jun-12,13:40,Western Bulldogs,Brisbane,Etihad Stadium,56,114,,7,14,18,6,1.36,3.09
22-Jun-12,19:50,Sydney,Geelong,SCG,80,74,,12,8,11,8,1.6,2.3
17-Jun-12,16:40,Western Bulldogs,Port Adelaide,Etihad Stadium,95,57,,13,17,8,9,1.45,2.77
17-Jun-12,13:10,Hawthorn,Brisbane,MCG,135,70,,19,21,11,4,1.06,8.94
16-Jun-12,19:40,Gold Coast,North Melbourne,Metricon Stadium,80,87,,12,8,11,21,5.21,1.16
16-Jun-12,14:10,GWS Giants,Richmond,Spotless Stadium,74,86,,12,2,11,20,10.93,1.04
15-Jun-12,20:10,Adelaide,St Kilda,AAMI Stadium,115,111,,17,13,16,15,1.47,2.67
14-Jun-12,17:40,West Coast,Carlton,Domain Stadium,79,69,,10,19,10,9,1.28,3.66
11-Jun-12,15:15,Melbourne,Collingwood,MCG,87,129,,13,9,19,15,8.9,1.06
10-Jun-12,16:10,Port Adelaide,Hawthorn,AAMI Stadium,62,108,,9,8,16,12,3.95,1.25
9-Jun-12,19:40,Essendon,Sydney,Etihad Stadium,82,86,,11,16,13,8,1.5,2.55
9-Jun-12,16:40,Gold Coast,St Kilda,Metricon Stadium,49,144,,7,7,21,18,7.41,1.09
9-Jun-12,13:40,Richmond,Fremantle,MCG,66,78,,9,12,12,6,1.2,4.43
8-Jun-12,19:50,Carlton,Geelong,Etihad Stadium,85,97,,11,19,14,13,2.74,1.44
3-Jun-12,16:40,Collingwood,Gold Coast,MCG,149,52,,23,11,7,10,1.01,16.31
3-Jun-12,15:15,Sydney,Western Bulldogs,SCG,132,40,,20,12,5,10,1.28,3.59
3-Jun-12,13:10,Brisbane,West Coast,Gabba,102,100,,16,6,15,10,4.67,1.19
2-Jun-12,19:40,Essendon,Melbourne,MCG,52,58,,6,16,8,10,1.04,10.88
2-Jun-12,19:10,Port Adelaide,Carlton,AAMI Stadium,99,45,,14,15,6,9,3.11,1.36
2-Jun-12,14:40,Fremantle,Adelaide,Domain Stadium,82,111,,12,10,17,9,2.37,1.57
2-Jun-12,14:10,Hawthorn,North Melbourne,Aurora Stadium,174,59,,27,12,9,5,1.26,3.81
2-Jun-12,13:45,Geelong,GWS Giants,Simonds Stadium,126,61,,19,12,9,7,1.01,19.57
1-Jun-12,19:50,St Kilda,Richmond,Etihad Stadium,113,121,,16,17,18,13,1.85,1.91
27-May-12,14:40,West Coast,Fremantle,Domain Stadium,84,36,,11,18,5,6,1.35,3.12
27-May-12,15:15,Carlton,Melbourne,MCG,107,49,,15,17,6,13,1.04,10.33
27-May-12,13:10,North Melbourne,Brisbane,Etihad Stadium,112,96,,17,10,15,6,1.24,4.04
26-May-12,19:10,Adelaide,Collingwood,AAMI Stadium,49,75,,6,13,10,15,1.46,2.68
26-May-12,19:40,GWS Giants,Essendon,Spotless Stadium,53,119,,7,11,18,11,17.14,1.01
26-May-12,16:40,St Kilda,Sydney,Etihad Stadium,111,83,,16,15,12,11,1.89,1.86
26-May-12,14:10,Gold Coast,Port Adelaide,Metricon Stadium,70,118,,10,10,17,16,2.55,1.5
26-May-12,13:45,Richmond,Hawthorn,MCG,137,75,,21,11,10,15,3.61,1.28
25-May-12,19:50,Western Bulldogs,Geelong,Etihad Stadium,75,95,,11,9,14,11,4.78,1.18
20-May-12,14:40,West Coast,St Kilda,Domain Stadium,121,91,,18,13,13,13,1.38,2.99
20-May-12,15:15,Carlton,Adelaide,Etihad Stadium,55,124,,8,7,19,10,1.41,2.85
20-May-12,13:10,Brisbane,GWS Giants,Gabba,132,40,,19,18,5,10,1.15,5.54
19-May-12,19:45,Essendon,Richmond,MCG,128,109,,19,14,15,19,1.49,2.59
19-May-12,19:10,Western Bulldogs,Gold Coast,TIO Stadium,72,34,,9,18,4,10,1.14,5.48
19-May-12,16:40,Sydney,Melbourne,SCG,138,37,,21,12,5,7,1.09,7.4
19-May-12,14:10,Hawthorn,Fremantle,Aurora Stadium,119,63,,17,17,9,9,1.19,4.61
19-May-12,13:15,Port Adelaide,North Melbourne,AAMI Stadium,95,93,,14,11,14,9,2.64,1.47
18-May-12,19:50,Collingwood,Geelong,MCG,96,84,,14,12,11,18,1.61,2.29
14-May-12,19:40,St Kilda,Carlton,Etihad Stadium,122,98,,19,8,14,14,4.03,1.24
13-May-12,14:40,Fremantle,Port Adelaide,Domain Stadium,87,47,,12,15,7,5,1.14,5.69
13-May-12,13:10,North Melbourne,Western Bulldogs,Etihad Stadium,83,101,,12,11,15,11,1.32,3.39
12-May-12,19:40,Brisbane,Collingwood,Gabba,58,116,,8,10,17,14,4.9,1.17
12-May-12,19:40,Essendon,West Coast,Etihad Stadium,113,52,,16,17,7,10,1.57,2.37
12-May-12,16:40,Richmond,Sydney,MCG,91,62,,13,13,8,14,1.82,1.94
12-May-12,13:40,GWS Giants,Gold Coast,StarTrack Oval Canberra,94,67,,13,16,9,13,3.95,1.25
12-May-12,13:15,Adelaide,Geelong,AAMI Stadium,122,72,,19,8,10,12,2.04,1.76
11-May-12,19:50,Melbourne,Hawthorn,MCG,49,115,,6,13,15,25,11.5,1.03
6-May-12,14:40,West Coast,North Melbourne,Domain Stadium,120,95,,17,18,15,5,1.28,3.61
6-May-12,14:45,Port Adelaide,Richmond,AAMI Stadium,54,91,,8,6,13,13,2.19,1.66
6-May-12,13:10,Carlton,GWS Giants,Etihad Stadium,110,43,,15,20,6,7,1.01,23.67
5-May-12,19:40,St Kilda,Hawthorn,SCG,88,123,,13,10,18,15,3.6,1.28
5-May-12,19:40,Sydney,Adelaide,MCG,94,99,,14,10,15,9,1.26,3.82
5-May-12,16:40,Gold Coast,Fremantle,Metricon Stadium,87,94,,14,3,14,10,6.45,1.11
5-May-12,13:45,Geelong,Melbourne,Simonds Stadium,119,76,,17,17,11,10,1.03,11.68
5-May-12,13:40,Essendon,Brisbane,Etihad Stadium,129,62,,19,15,9,8,1.15,5.48
4-May-12,19:50,Western Bulldogs,Collingwood,Etihad Stadium,77,98,,11,11,15,8,6.83,1.1
29-Apr-12,16:10,Adelaide,Port Adelaide,AAMI Stadium,110,91,,16,14,14,7,1.51,2.53
29-Apr-12,15:15,Richmond,West Coast,Etihad Stadium,97,107,,14,13,16,11,3.13,1.35
29-Apr-12,13:10,Hawthorn,Sydney,Aurora Stadium,69,106,,10,9,16,10,1.31,3.38
28-Apr-12,19:40,Brisbane,Geelong,Gabba,41,79,,4,17,12,7,3.61,1.28
28-Apr-12,19:40,Melbourne,St Kilda,MCG,66,84,,10,6,12,12,6.64,1.1
28-Apr-12,16:40,North Melbourne,Gold Coast,Etihad Stadium,127,88,,17,25,12,16,1.01,15.53
28-Apr-12,13:40,GWS Giants,Western Bulldogs,StarTrack Oval Canberra,62,104,,9,8,15,14,11.93,1.03
27-Apr-12,18:40,Fremantle,Carlton,Domain Stadium,57,65,,7,15,10,5,2.18,1.66
25-Apr-12,14:40,Collingwood,Essendon,MCG,80,79,,11,14,11,13,1.68,2.15
22-Apr-12,16:40,Melbourne,Western Bulldogs,MCG,67,88,,9,13,13,10,2.99,1.37
22-Apr-12,15:15,Sydney,North Melbourne,SCG,113,77,,17,11,10,17,1.88,1.86
22-Apr-12,13:10,Geelong,Richmond,Simonds Stadium,75,65,,11,9,9,11,1.15,5.19
21-Apr-12,19:40,Brisbane,Gold Coast,Gabba,111,46,,17,9,6,10,1.36,3.02
21-Apr-12,17:40,West Coast,Hawthorn,Domain Stadium,51,46,,5,21,5,16,1.6,2.29
21-Apr-12,16:10,Adelaide,GWS Giants,AAMI Stadium,96,50,,13,18,7,8,1.01,21.67
21-Apr-12,14:10,Collingwood,Port Adelaide,Etihad Stadium,97,73,,14,13,10,13,1.22,4.1
21-Apr-12,13:45,Carlton,Essendon,MCG,79,109,,11,13,15,19,1.11,6.62
20-Apr-12,19:50,St Kilda,Fremantle,Etihad Stadium,79,92,,11,13,14,8,1.4,2.87
15-Apr-12,16:40,North Melbourne,Geelong,Etihad Stadium,131,114,,20,11,16,18,4.09,1.22
15-Apr-12,15:15,Hawthorn,Adelaide,MCG,140,84,,21,14,12,12,1.17,4.9
15-Apr-12,13:10,GWS Giants,West Coast,Blacktown Park,69,150,,10,9,23,12,23.86,1.01
14-Apr-12,19:40,Gold Coast,Essendon,Metricon Stadium,88,105,,13,10,15,15,9.66,1.05
14-Apr-12,19:40,Western Bulldogs,St Kilda,Etihad Stadium,40,103,,5,10,15,13,2.49,1.52
14-Apr-12,14:40,Fremantle,Brisbane,Domain Stadium,64,35,,8,16,5,5,1.09,7.32
14-Apr-12,13:40,Port Adelaide,Sydney,AAMI Stadium,83,105,,12,11,16,9,2.58,1.48
14-Apr-12,13:45,Richmond,Melbourne,MCG,133,74,,20,13,11,8,1.21,4.39
13-Apr-12,19:50,Carlton,Collingwood,MCG,122,62,,18,14,9,8,1.83,1.93
9-Apr-12,15:10,Geelong,Hawthorn,MCG,92,90,,14,8,13,12,2.48,1.53
8-Apr-12,16:40,St Kilda,Gold Coast,Etihad Stadium,139,47,,21,13,7,5,1.05,9.56
8-Apr-12,13:10,North Melbourne,GWS Giants,Blundstone Arena,183,54,,28,15,8,6,1.01,15.94
7-Apr-12,19:40,Adelaide,Western Bulldogs,AAMI Stadium,82,64,,11,16,9,10,1.21,4.26
7-Apr-12,19:40,Collingwood,Richmond,MCG,85,64,,12,13,8,16,1.14,5.49
7-Apr-12,16:40,West Coast,Melbourne,Domain Stadium,166,58,,25,16,9,4,1.05,10.34
7-Apr-12,14:10,Sydney,Fremantle,SCG,94,81,,14,10,12,9,1.67,2.15
7-Apr-12,13:45,Essendon,Port Adelaide,Etihad Stadium,111,86,,16,15,13,8,1.23,4.05
5-Apr-12,19:40,Brisbane,Carlton,Gabba,63,154,,9,9,23,16,3.46,1.3
1-Apr-12,16:10,Port Adelaide,St Kilda,AAMI Stadium,89,85,,13,11,13,7,2.86,1.41
1-Apr-12,13:10,Western Bulldogs,West Coast,Etihad Stadium,87,136,,12,15,21,10,2.25,1.6
31-Mar-12,19:40,North Melbourne,Essendon,Etihad Stadium,102,104,,15,12,14,20,2.14,1.66
31-Mar-12,16:40,Fremantle,Geelong,Domain Stadium,105,101,,16,9,15,11,1.96,1.79
31-Mar-12,15:40,Gold Coast,Adelaide,Metricon Stadium,68,137,,10,8,19,23,4.39,1.22
31-Mar-12,13:40,Melbourne,Brisbane,MCG,78,119,,11,12,17,17,1.42,2.81
30-Mar-12,19:50,Hawthorn,Collingwood,MCG,137,115,,20,17,16,19,1.65,2.19
29-Mar-12,19:40,Richmond,Carlton,MCG,81,125,,12,9,18,17,2.48,1.52
24-Mar-12,19:20,GWS Giants,Sydney,ANZ Stadium,37,100,,5,7,14,16,13.78,1.02
1-Oct-11,14:30,Collingwood,Geelong,MCG,81,119,Y,12,9,18,11,1.96,1.8
24-Sep-11,14:20,Geelong,West Coast,MCG,117,69,Y,17,15,10,9,1.2,4.54
23-Sep-11,19:45,Collingwood,Hawthorn,MCG,68,65,Y,10,8,9,11,1.27,3.65
17-Sep-11,17:50,West Coast,Carlton,Domain Stadium,101,98,Y,15,11,15,8,1.4,2.9
16-Sep-11,19:45,Hawthorn,Sydney,MCG,122,86,Y,19,8,13,8,1.42,2.81
11-Sep-11,14:40,Carlton,Essendon,MCG,149,87,Y,21,23,13,9,1.39,2.94
10-Sep-11,19:20,St Kilda,Sydney,Etihad Stadium,57,82,Y,8,9,12,10,1.4,2.9
10-Sep-11,14:20,Collingwood,West Coast,MCG,82,62,Y,12,10,9,8,1.19,4.59
9-Sep-11,19:45,Geelong,Hawthorn,MCG,98,67,Y,14,14,9,13,1.63,2.22
4-Sep-11,16:40,Richmond,North Melbourne,Etihad Stadium,91,104,,13,13,15,14,2.2,1.64
4-Sep-11,14:40,Port Adelaide,Melbourne,Adelaide Oval,112,104,,17,10,15,14,2.24,1.63
3-Sep-11,19:10,Carlton,St Kilda,MCG,66,86,,9,12,13,8,1.71,2.08
3-Sep-11,17:10,West Coast,Adelaide,Domain Stadium,145,50,,22,13,7,8,1.14,5.41
3-Sep-11,16:10,Sydney,Brisbane,SCG,119,67,,18,11,9,13,1.13,5.68
3-Sep-11,14:10,Western Bulldogs,Fremantle,Etihad Stadium,107,61,,15,17,8,13,1.11,6.39
3-Sep-11,13:10,Gold Coast,Hawthorn,Metricon Stadium,97,106,,14,13,16,10,5.25,1.16
2-Sep-11,19:40,Collingwood,Geelong,MCG,53,149,,8,5,22,17,1.35,3.14
28-Aug-11,16:40,Essendon,Port Adelaide,Etihad Stadium,120,113,,17,18,17,11,1.03,12.5
28-Aug-11,14:10,Melbourne,Gold Coast,MCG,112,82,,17,10,12,10,1.1,6.78
28-Aug-11,12:40,Adelaide,Richmond,AAMI Stadium,99,121,,15,9,17,19,1.35,3.15
27-Aug-11,19:10,St Kilda,North Melbourne,Etihad Stadium,135,70,,19,21,10,10,1.71,2.08
27-Aug-11,19:10,Brisbane,West Coast,Gabba,81,89,,11,15,13,11,3.44,1.3
27-Aug-11,14:10,Geelong,Sydney,Simonds Stadium,86,99,,12,14,15,9,1.07,8.35
27-Aug-11,14:10,Hawthorn,Western Bulldogs,MCG,113,67,,16,17,10,7,1.1,6.79
26-Aug-11,18:40,Fremantle,Collingwood,Domain Stadium,52,132,,8,4,20,12,13.75,1.02
21-Aug-11,16:40,Melbourne,Richmond,MCG,110,117,,17,8,17,15,2.06,1.72
21-Aug-11,14:40,Port Adelaide,Western Bulldogs,AAMI Stadium,97,157,,15,7,24,13,4.79,1.17
21-Aug-11,13:10,Sydney,St Kilda,ANZ Stadium,83,68,,10,23,10,8,2.24,1.62
20-Aug-11,19:10,Collingwood,Brisbane,MCG,102,84,,14,18,13,6,1.01,16.12
20-Aug-11,19:10,North Melbourne,Fremantle,Etihad Stadium,143,45,,21,17,6,9,1.34,3.18
20-Aug-11,14:10,Gold Coast,Adelaide,Metricon Stadium,64,125,,9,10,18,17,4.66,1.19
20-Aug-11,13:10,West Coast,Essendon,Domain Stadium,134,77,,20,14,11,11,1.24,3.97
19-Aug-11,19:40,Carlton,Hawthorn,Etihad Stadium,66,78,,8,18,10,18,2.39,1.56
14-Aug-11,16:10,Adelaide,Geelong,AAMI Stadium,85,96,,12,13,14,12,8.8,1.06
14-Aug-11,14:10,Richmond,Sydney,MCG,99,56,,14,15,7,14,3.42,1.3
14-Aug-11,13:10,Melbourne,West Coast,Etihad Stadium,62,110,,9,8,16,14,4.45,1.2
13-Aug-11,19:10,Brisbane,Gold Coast,Gabba,123,61,,18,15,8,13,1.36,3.08
13-Aug-11,19:10,Western Bulldogs,Essendon,Etihad Stadium,101,150,,15,11,23,12,2.23,1.63
13-Aug-11,14:10,Hawthorn,Port Adelaide,MCG,197,32,,31,11,5,2,1.02,15.46
13-Aug-11,13:10,Fremantle,Carlton,Domain Stadium,85,115,,12,13,16,19,2.97,1.38
12-Aug-11,19:40,St Kilda,Collingwood,Etihad Stadium,70,89,,10,10,14,5,5.89,1.12
7-Aug-11,14:40,West Coast,Richmond,Domain Stadium,147,90,,22,15,14,6,1.08,7.56
7-Aug-11,14:10,Hawthorn,North Melbourne,Aurora Stadium,103,86,,15,13,13,8,1.17,4.82
7-Aug-11,13:10,Brisbane,Adelaide,Gabba,105,110,,16,9,16,14,1.68,2.13
6-Aug-11,19:20,Essendon,Sydney,Etihad Stadium,100,99,,15,10,14,15,1.84,1.89
6-Aug-11,19:10,Port Adelaide,Collingwood,AAMI Stadium,21,159,,3,3,23,21,13.17,1.03
6-Aug-11,14:10,Carlton,Melbourne,MCG,134,58,,21,8,7,16,1.13,5.74
6-Aug-11,13:40,Geelong,Gold Coast,Simonds Stadium,188,38,,29,14,6,2,1.01,17.03
5-Aug-11,19:40,St Kilda,Fremantle,Etihad Stadium,113,72,,16,17,10,12,1.14,5.51
31-Jul-11,16:10,Adelaide,Port Adelaide,AAMI Stadium,111,79,,16,15,11,13,1.61,2.29
31-Jul-11,14:10,Collingwood,Essendon,MCG,166,92,,25,16,14,8,1.07,8.45
30-Jul-11,19:10,Gold Coast,St Kilda,Metricon Stadium,54,74,,6,18,10,14,7.4,1.08
30-Jul-11,17:40,Fremantle,Hawthorn,Domain Stadium,44,95,,6,8,13,17,2.49,1.54
30-Jul-11,14:10,Geelong,Melbourne,Simonds Stadium,233,47,,37,11,7,5,1.07,8.33
30-Jul-11,14:10,Western Bulldogs,West Coast,Etihad Stadium,95,103,,15,5,15,13,2.29,1.61
29-Jul-11,19:40,North Melbourne,Carlton,Etihad Stadium,62,80,,9,8,11,14,3.52,1.3
24-Jul-11,14:40,Fremantle,West Coast,Domain Stadium,64,65,,9,10,8,17,2.69,1.46
24-Jul-11,14:10,Melbourne,Hawthorn,MCG,78,132,,12,6,20,12,4.37,1.21
24-Jul-11,13:10,Geelong,Richmond,Etihad Stadium,113,51,,17,11,7,9,1.06,8.8
23-Jul-11,19:10,Essendon,Carlton,MCG,79,153,,12,7,24,9,2.87,1.41
23-Jul-11,19:10,Gold Coast,Collingwood,Metricon Stadium,75,129,,11,9,19,15,15.8,1.02
23-Jul-11,14:10,North Melbourne,Brisbane,Etihad Stadium,122,77,,17,20,11,11,1.12,6.24
23-Jul-11,14:10,Sydney,Western Bulldogs,SCG,114,75,,16,18,11,9,1.51,2.54
22-Jul-11,19:40,St Kilda,Adelaide,Etihad Stadium,127,24,,19,13,3,6,1.13,6.03
17-Jul-11,16:40,North Melbourne,Western Bulldogs,Etihad Stadium,142,111,,21,16,17,9,3.04,1.37
17-Jul-11,14:10,Brisbane,Geelong,Gabba,104,133,,15,14,20,13,7.26,1.09
17-Jul-11,13:10,Sydney,Fremantle,SCG,87,98,,13,9,15,8,1.28,3.61
16-Jul-11,20:10,Melbourne,Port Adelaide,TIO Stadium,113,92,,17,11,14,8,1.27,3.65
16-Jul-11,19:10,St Kilda,West Coast,Etihad Stadium,82,61,,13,4,9,7,1.76,2.01
16-Jul-11,14:10,Richmond,Gold Coast,Cazaly’s Stadium,70,85,,9,16,12,13,1.13,5.85
16-Jul-11,14:10,Carlton,Collingwood,MCG,79,98,,11,13,13,20,5.16,1.16
15-Jul-11,20:10,Adelaide,Essendon,AAMI Stadium,73,84,,10,13,12,12,2.05,1.72
10-Jul-11,16:40,Western Bulldogs,Carlton,Etihad Stadium,96,69,,14,12,9,15,3.35,1.31
10-Jul-11,14:40,Port Adelaide,St Kilda,AAMI Stadium,53,109,,8,5,17,7,3.63,1.27
10-Jul-11,13:10,Collingwood,North Melbourne,MCG,147,30,,22,15,3,12,1.07,8.28
9-Jul-11,19:10,Essendon,Richmond,MCG,105,66,,15,15,9,12,1.51,2.51
9-Jul-11,19:10,Gold Coast,Sydney,Metricon Stadium,36,106,,4,12,15,16,5.7,1.13
9-Jul-11,14:10,Hawthorn,Brisbane,Aurora Stadium,105,63,,16,9,9,9,1.09,7.06
8-Jul-11,18:40,West Coast,Geelong,Domain Stadium,96,88,,14,12,13,10,2.25,1.62
3-Jul-11,16:40,North Melbourne,St Kilda,Etihad Stadium,70,79,,10,10,12,7,1.97,1.79
3-Jul-11,14:10,Collingwood,Hawthorn,MCG,106,65,,15,16,9,11,1.3,3.49
3-Jul-11,13:10,Brisbane,Port Adelaide,Gabba,99,88,,15,9,13,10,1.41,2.85
2-Jul-11,19:10,Adelaide,Sydney,AAMI Stadium,57,50,,8,9,6,14,2.78,1.42
2-Jul-11,19:10,Essendon,Geelong,Etihad Stadium,115,111,,18,7,16,15,7.76,1.08
2-Jul-11,14:10,Richmond,Carlton,MCG,81,184,,12,9,28,16,3.85,1.25
2-Jul-11,13:10,Fremantle,Gold Coast,Domain Stadium,112,62,,17,10,9,8,1.1,6.56
1-Jul-11,19:40,Western Bulldogs,Melbourne,Etihad Stadium,127,63,,19,13,8,15,2.01,1.75
26-Jun-11,16:10,Port Adelaide,North Melbourne,AAMI Stadium,91,136,,14,7,21,10,2.59,1.48
26-Jun-11,14:10,Carlton,West Coast,Etihad Stadium,67,103,,10,7,15,13,1.22,4.19
26-Jun-11,13:10,Geelong,Adelaide,Simonds Stadium,125,73,,19,11,10,13,1.06,8.92
25-Jun-11,19:10,Sydney,Collingwood,ANZ Stadium,93,99,,14,9,13,21,5.46,1.15
25-Jun-11,17:40,Fremantle,Brisbane,Domain Stadium,88,65,,12,16,10,5,1.17,4.96
25-Jun-11,14:10,Richmond,Melbourne,MCG,91,118,,13,13,17,16,1.95,1.81
25-Jun-11,14:10,Gold Coast,Western Bulldogs,Metricon Stadium,88,110,,13,10,17,8,5.24,1.15
24-Jun-11,19:40,Hawthorn,Essendon,MCG,146,81,,23,8,12,9,1.61,2.28
19-Jun-11,14:40,West Coast,Port Adelaide,Domain Stadium,110,88,,15,20,13,10,1.07,8.45
19-Jun-11,14:10,Carlton,Sydney,Etihad Stadium,100,66,,15,10,10,6,1.28,3.59
19-Jun-11,13:10,Melbourne,Fremantle,MCG,149,60,,22,17,8,12,1.73,2.06
18-Jun-11,19:10,Brisbane,Richmond,Gabba,94,125,,14,10,18,17,2.12,1.69
18-Jun-11,19:10,St Kilda,Geelong,MCG,72,100,,11,6,15,10,3.65,1.27
18-Jun-11,14:10,Hawthorn,Gold Coast,Aurora Stadium,129,58,,19,15,8,10,1.02,14.67
18-Jun-11,14:10,Essendon,North Melbourne,Etihad Stadium,90,111,,12,18,17,9,1.65,2.18
17-Jun-11,19:40,Western Bulldogs,Adelaide,Etihad Stadium,100,70,,14,16,10,10,1.29,3.48
13-Jun-11,14:10,Melbourne,Collingwood,MCG,41,129,,6,5,19,15,4.63,1.19
12-Jun-11,14:40,Fremantle,Essendon,Domain Stadium,98,64,,15,8,9,10,1.76,2.01
12-Jun-11,14:10,Sydney,Richmond,SCG,75,65,,9,21,9,11,1.25,3.86
12-Jun-11,13:10,Carlton,Brisbane,Etihad Stadium,124,63,,19,10,9,9,1.06,9.33
11-Jun-11,19:10,Geelong,Hawthorn,MCG,88,83,,13,10,13,5,1.44,2.73
11-Jun-11,19:10,Gold Coast,North Melbourne,Metricon Stadium,63,122,,9,9,18,14,3.34,1.32
11-Jun-11,14:10,Adelaide,West Coast,AAMI Stadium,67,106,,10,7,15,16,2.2,1.64
10-Jun-11,19:40,St Kilda,Western Bulldogs,Etihad Stadium,81,57,,12,9,8,9,1.4,2.89
5-Jun-11,16:10,Port Adelaide,Carlton,AAMI Stadium,49,111,,7,7,16,15,4.32,1.21
5-Jun-11,14:10,North Melbourne,Adelaide,Etihad Stadium,115,68,,18,7,10,8,1.6,2.29
5-Jun-11,13:10,Hawthorn,Fremantle,MCG,111,89,,17,9,13,11,1.19,4.59
4-Jun-11,19:40,Brisbane,Sydney,Gabba,51,116,,7,9,17,14,1.84,1.91
4-Jun-11,19:10,Collingwood,St Kilda,MCG,108,51,,16,12,7,9,1.18,4.72
4-Jun-11,14:10,Geelong,Western Bulldogs,Simonds Stadium,148,87,,23,10,13,9,1.11,6.55
4-Jun-11,13:10,West Coast,Gold Coast,Domain Stadium,85,67,,13,7,10,7,1.05,9.75
3-Jun-11,19:40,Essendon,Melbourne,MCG,68,101,,10,8,15,11,1.24,4.02
29-May-11,16:40,Western Bulldogs,Hawthorn,Etihad Stadium,62,91,,9,8,13,13,3.37,1.32
29-May-11,14:10,Collingwood,West Coast,MCG,105,53,,16,9,7,11,1.22,4.24
29-May-11,12:40,Adelaide,Brisbane,AAMI Stadium,61,101,,8,13,15,11,1.26,3.79
28-May-11,20:10,Richmond,Port Adelaide,TIO Stadium,74,89,,10,14,13,11,1.24,4.06
28-May-11,19:20,Gold Coast,Geelong,Metricon Stadium,73,139,,10,13,21,13,12.5,1.03
28-May-11,14:10,North Melbourne,Sydney,Etihad Stadium,71,72,,9,17,10,12,2.02,1.76
28-May-11,13:10,Fremantle,St Kilda,Domain Stadium,56,102,,7,14,15,12,1.58,2.35
27-May-11,19:40,Melbourne,Carlton,MCG,46,93,,6,10,13,15,5.64,1.14
22-May-11,14:40,West Coast,Western Bulldogs,Domain Stadium,175,52,,26,19,8,4,1.67,2.15
22-May-11,14:10,Sydney,Hawthorn,SCG,60,106,,8,12,15,16,1.74,2.05
22-May-11,13:10,Collingwood,Adelaide,Etihad Stadium,135,92,,20,15,14,8,1.05,9.88
21-May-11,19:40,Brisbane,North Melbourne,Gabba,73,59,,10,13,8,11,1.88,1.87
21-May-11,19:40,Richmond,Essendon,MCG,105,89,,16,9,13,11,2.73,1.44
21-May-11,14:10,Port Adelaide,Fremantle,AAMI Stadium,90,142,,14,6,21,16,2.39,1.56
21-May-11,14:10,St Kilda,Melbourne,Etihad Stadium,106,86,,16,10,13,8,1.4,2.9
20-May-11,19:40,Carlton,Geelong,Etihad Stadium,100,102,,14,16,15,12,2.74,1.44
15-May-11,14:40,West Coast,Fremantle,Domain Stadium,96,63,,14,12,9,9,1.96,1.8
15-May-11,14:10,Western Bulldogs,Richmond,Etihad Stadium,153,118,,23,15,18,10,1.66,2.18
15-May-11,13:10,Hawthorn,St Kilda,MCG,99,69,,14,15,10,9,1.42,2.82
14-May-11,19:40,Sydney,Port Adelaide,SCG,121,59,,18,13,9,5,1.12,6.12
14-May-11,19:10,Brisbane,Essendon,Gabba,66,102,,9,12,15,12,4.43,1.2
14-May-11,14:40,Adelaide,Gold Coast,AAMI Stadium,130,73,,20,10,9,19,1.14,5.65
14-May-11,14:10,North Melbourne,Melbourne,Etihad Stadium,124,83,,19,10,12,11,1.81,1.95
13-May-11,19:40,Geelong,Collingwood,MCG,65,62,,8,17,9,8,2.62,1.48
9-May-11,19:20,St Kilda,Carlton,Etihad Stadium,81,84,,12,9,11,18,2.84,1.41
8-May-11,14:10,Melbourne,Adelaide,MCG,149,53,,22,17,8,5,1.81,1.96
8-May-11,13:10,Essendon,West Coast,Etihad Stadium,106,90,,16,10,12,18,1.2,4.4
7-May-11,19:10,Gold Coast,Brisbane,Gabba,124,116,,18,16,17,14,6.33,1.12
7-May-11,16:10,Richmond,Fremantle,MCG,148,99,,23,10,14,15,2.2,1.64
7-May-11,14:10,Geelong,North Melbourne,Simonds Stadium,127,61,,19,13,9,7,1.07,8.35
7-May-11,13:10,Western Bulldogs,Sydney,StarTrack Oval Canberra,65,73,,10,5,10,13,1.69,2.12
6-May-11,20:10,Port Adelaide,Hawthorn,AAMI Stadium,72,104,,10,12,15,14,4.45,1.2
1-May-11,16:40,Collingwood,Western Bulldogs,MCG,105,57,,15,15,8,9,1.12,6.13
1-May-11,13:10,Essendon,Gold Coast,Etihad Stadium,197,58,,31,11,8,10,1.03,12.75
30-Apr-11,19:10,Adelaide,St Kilda,AAMI Stadium,90,71,,13,12,9,17,1.76,2.01
30-Apr-11,19:10,Richmond,Brisbane,MCG,124,98,,18,16,14,14,1.4,2.93
30-Apr-11,14:10,North Melbourne,Port Adelaide,Etihad Stadium,133,73,,18,25,10,13,1.45,2.72
29-Apr-11,19:40,Sydney,Carlton,SCG,71,87,,10,11,12,15,1.66,2.19
28-Apr-11,18:40,West Coast,Melbourne,Domain Stadium,106,52,,15,16,6,16,1.56,2.41
26-Apr-11,14:40,Hawthorn,Geelong,MCG,98,117,,15,8,17,15,2.02,1.75
25-Apr-11,18:40,Fremantle,Western Bulldogs,Domain Stadium,85,78,,12,13,11,12,1.67,2.15
25-Apr-11,14:40,Essendon,Collingwood,MCG,77,107,,11,11,16,11,4.26,1.22
24-Apr-11,16:40,North Melbourne,Richmond,Etihad Stadium,103,112,,14,19,17,10,1.82,1.94
23-Apr-11,19:10,Carlton,Adelaide,Etihad Stadium,85,79,,11,19,12,7,1.28,3.68
23-Apr-11,14:40,Port Adelaide,Gold Coast,AAMI Stadium,101,104,,15,11,15,14,1.05,10.58
21-Apr-11,19:40,Brisbane,St Kilda,Gabba,76,89,,11,10,13,11,3.66,1.28
17-Apr-11,14:40,Fremantle,North Melbourne,Domain Stadium,127,98,,18,19,14,14,1.18,4.82
17-Apr-11,14:10,Gold Coast,Melbourne,Gabba,69,159,,9,15,23,21,8.79,1.07
16-Apr-11,19:10,Port Adelaide,Adelaide,AAMI Stadium,98,66,,14,14,9,12,2.78,1.42
16-Apr-11,19:10,Sydney,Geelong,SCG,54,81,,7,12,11,15,2.07,1.72
16-Apr-11,14:10,Hawthorn,West Coast,Aurora Stadium,72,65,,10,12,9,11,1.11,6.27
16-Apr-11,14:10,Carlton,Essendon,MCG,79,79,,11,13,11,13,1.89,1.86
15-Apr-11,19:40,Richmond,Collingwood,MCG,90,161,,13,12,24,17,9.79,1.05
10-Apr-11,16:40,St Kilda,Essendon,Etihad Stadium,84,136,,12,12,21,10,1.81,1.95
10-Apr-11,14:10,Geelong,Port Adelaide,Simonds Stadium,122,43,,17,20,6,7,1.07,7.96
10-Apr-11,13:10,Melbourne,Brisbane,MCG,82,71,,12,10,11,5,1.18,4.65
9-Apr-11,19:10,Richmond,Hawthorn,MCG,52,115,,6,16,17,13,3.72,1.27
9-Apr-11,18:10,West Coast,Sydney,Domain Stadium,88,101,,13,10,15,11,1.9,1.86
9-Apr-11,14:40,Adelaide,Fremantle,AAMI Stadium,54,79,,7,12,11,13,1.49,2.6
9-Apr-11,14:10,Western Bulldogs,Gold Coast,Etihad Stadium,122,51,,18,14,7,9,1.02,14.29
8-Apr-11,19:50,Collingwood,Carlton,MCG,102,74,,15,12,11,8,1.22,4.32
3-Apr-11,16:40,Hawthorn,Melbourne,MCG,122,77,,16,26,12,5,1.41,2.83
3-Apr-11,14:10,Sydney,Essendon,ANZ Stadium,98,93,,14,14,13,15,1.8,1.97
3-Apr-11,13:10,Western Bulldogs,Brisbane,Etihad Stadium,123,45,,19,9,6,9,1.12,6.34
2-Apr-11,18:50,Gold Coast,Carlton,Gabba,52,171,,7,10,26,15,3.96,1.25
2-Apr-11,17:40,Fremantle,Geelong,Domain Stadium,78,89,,10,18,13,11,1.67,2.15
2-Apr-11,14:40,Port Adelaide,West Coast,AAMI Stadium,98,116,,15,8,16,20,1.45,2.72
2-Apr-11,14:10,North Melbourne,Collingwood,Etihad Stadium,56,143,,7,14,21,17,6.7,1.1
1-Apr-11,19:40,St Kilda,Richmond,MCG,95,95,,13,17,14,11,1.23,4.15
27-Mar-11,16:10,West Coast,North Melbourne,Domain Stadium,92,88,,13,14,13,10,1.61,2.27
27-Mar-11,14:10,Melbourne,Sydney,MCG,84,84,,11,18,11,18,1.78,1.99
27-Mar-11,13:10,Essendon,Western Bulldogs,Etihad Stadium,113,58,,16,17,8,10,2.31,1.59
26-Mar-11,19:10,Brisbane,Fremantle,Gabba,92,94,,14,8,13,16,1.98,1.79
26-Mar-11,19:10,Adelaide,Hawthorn,AAMI Stadium,105,85,,16,9,12,13,1.92,1.85
26-Mar-11,14:10,Collingwood,Port Adelaide,Etihad Stadium,155,80,,24,11,12,8,1.08,7.99
25-Mar-11,19:45,Geelong,St Kilda,MCG,48,47,,6,12,6,11,2.18,1.68
24-Mar-11,19:40,Carlton,Richmond,MCG,104,84,,14,20,13,6,1.29,3.51
2-Oct-10,14:30,Collingwood,St Kilda,MCG,108,52,Y,16,12,7,10,1.59,2.33
25-Sep-10,14:30,Collingwood,St Kilda,MCG,68,68,Y,9,14,10,8,1.41,2.88
18-Sep-10,19:20,St Kilda,Western Bulldogs,MCG,88,64,Y,13,10,8,16,1.19,4.42
17-Sep-10,19:45,Collingwood,Geelong,MCG,120,79,Y,18,12,11,13,1.79,1.94
11-Sep-10,19:20,Western Bulldogs,Sydney,MCG,77,72,Y,11,11,10,12,1.89,1.86
10-Sep-10,19:45,Geelong,Fremantle,MCG,135,66,Y,20,15,10,6,1.1,6.54
5-Sep-10,14:40,Sydney,Carlton,ANZ Stadium,99,94,Y,14,15,13,16,1.45,2.65
4-Sep-10,19:20,Collingwood,Western Bulldogs,MCG,124,62,Y,17,22,8,14,1.24,3.91
4-Sep-10,13:20,Fremantle,Hawthorn,Domain Stadium,94,64,Y,14,10,8,16,2.16,1.66
3-Sep-10,19:45,Geelong,St Kilda,MCG,79,83,Y,11,13,12,11,1.37,3.05
29-Aug-10,16:40,Melbourne,North Melbourne,MCG,103,113,,15,13,17,11,1.87,1.86
29-Aug-10,14:10,Richmond,Port Adelaide,Etihad Stadium,112,122,,16,16,18,14,1.62,2.22
28-Aug-10,19:10,Western Bulldogs,Essendon,Etihad Stadium,107,78,,17,5,11,12,1.18,4.61
28-Aug-10,19:10,Brisbane,Sydney,Gabba,68,106,,10,8,16,10,2.81,1.41
28-Aug-10,15:40,Adelaide,St Kilda,AAMI Stadium,65,37,,9,11,5,7,2.53,1.49
28-Aug-10,14:10,Hawthorn,Collingwood,MCG,98,95,,15,8,13,17,2.5,1.5
28-Aug-10,13:10,Geelong,West Coast,Simonds Stadium,112,68,,16,16,10,8,1.02,14.5
27-Aug-10,18:40,Fremantle,Carlton,Domain Stadium,93,87,,13,15,13,9,1.53,2.4
22-Aug-10,14:40,West Coast,North Melbourne,Domain Stadium,94,110,,14,10,16,14,2.25,1.61
22-Aug-10,14:10,Essendon,Brisbane,Etihad Stadium,68,95,,10,8,14,11,1.63,2.21
22-Aug-10,12:40,Port Adelaide,Melbourne,AAMI Stadium,112,83,,17,10,11,17,1.92,1.81
21-Aug-10,19:10,Collingwood,Adelaide,MCG,54,51,,6,18,7,9,1.05,9.75
21-Aug-10,19:10,Sydney,Western Bulldogs,SCG,114,70,,17,12,10,10,2.05,1.72
21-Aug-10,14:10,St Kilda,Richmond,Etihad Stadium,115,94,,17,13,14,10,1.08,7.7
21-Aug-10,14:10,Hawthorn,Fremantle,Aurora Stadium,155,39,,24,11,5,9,1.09,7.25
20-Aug-10,19:40,Geelong,Carlton,Etihad Stadium,121,79,,18,13,12,7,1.17,4.82
15-Aug-10,16:40,North Melbourne,St Kilda,Etihad Stadium,63,115,,9,9,17,13,3.98,1.24
15-Aug-10,14:10,Hawthorn,Melbourne,MCG,99,78,,15,9,12,6,1.63,2.22
15-Aug-10,13:10,Brisbane,Adelaide,Gabba,97,104,,13,19,15,14,2.06,1.7
14-Aug-10,19:10,Port Adelaide,West Coast,AAMI Stadium,61,60,,8,13,8,12,1.33,3.25
14-Aug-10,19:10,Western Bulldogs,Geelong,Etihad Stadium,60,161,,9,6,25,11,2.38,1.56
14-Aug-10,14:10,Carlton,Richmond,MCG,156,67,,23,18,10,7,1.3,3.42
14-Aug-10,13:10,Fremantle,Sydney,Domain Stadium,87,96,,13,9,14,12,1.62,2.23
13-Aug-10,19:40,Essendon,Collingwood,MCG,64,162,,10,4,24,18,6.64,1.1
8-Aug-10,16:10,Adelaide,Western Bulldogs,AAMI Stadium,53,61,,7,11,8,13,3.21,1.33
8-Aug-10,14:10,Melbourne,Richmond,MCG,109,80,,16,13,11,14,1.52,2.47
8-Aug-10,13:10,St Kilda,Port Adelaide,Etihad Stadium,151,57,,23,13,8,9,1.2,4.4
7-Aug-10,19:10,Geelong,Collingwood,MCG,85,107,,12,13,14,23,1.76,1.99
7-Aug-10,17:40,West Coast,Brisbane,Domain Stadium,65,70,,9,11,10,10,1.61,2.25
7-Aug-10,14:10,North Melbourne,Fremantle,Etihad Stadium,123,69,,19,9,10,9,1.83,1.9
7-Aug-10,14:10,Sydney,Hawthorn,SCG,129,85,,19,15,13,7,2.01,1.74
6-Aug-10,19:40,Essendon,Carlton,MCG,73,149,,9,19,23,11,1.91,1.81
1-Aug-10,14:40,Fremantle,West Coast,Domain Stadium,160,85,,24,16,13,7,1.39,2.91
1-Aug-10,14:10,Western Bulldogs,North Melbourne,Etihad Stadium,143,72,,22,11,10,12,1.16,5.02
1-Aug-10,13:10,Richmond,Adelaide,MCG,100,80,,15,10,11,14,2.25,1.61
31-Jul-10,19:10,Brisbane,Melbourne,Gabba,64,74,,9,10,11,8,1.75,2
31-Jul-10,19:10,Sydney,Geelong,ANZ Stadium,72,125,,9,18,20,5,4.07,1.23
31-Jul-10,14:40,Port Adelaide,Hawthorn,AAMI Stadium,92,84,,13,14,12,12,3.14,1.33
31-Jul-10,14:10,Collingwood,Carlton,MCG,105,57,,15,15,9,3,1.19,4.48
30-Jul-10,19:40,Essendon,St Kilda,Etihad Stadium,108,75,,16,12,11,9,4.74,1.17
25-Jul-10,16:10,Port Adelaide,Adelaide,AAMI Stadium,88,69,,13,10,9,15,3.36,1.3
25-Jul-10,14:10,Melbourne,Sydney,MCG,142,69,,22,10,10,9,2.28,1.59
25-Jul-10,13:10,Western Bulldogs,Fremantle,Etihad Stadium,158,76,,24,14,12,4,1.3,3.43
24-Jul-10,19:10,North Melbourne,Essendon,Etihad Stadium,119,122,,18,11,18,14,1.43,2.73
24-Jul-10,17:40,West Coast,Carlton,Domain Stadium,83,109,,11,17,15,19,1.84,1.88
24-Jul-10,14:10,Geelong,Brisbane,Simonds Stadium,127,64,,19,13,9,10,1.06,8.69
24-Jul-10,14:10,Collingwood,Richmond,MCG,127,45,,19,13,6,9,1.1,6.5
23-Jul-10,19:40,St Kilda,Hawthorn,Etihad Stadium,87,87,,14,3,13,9,1.72,2.04
18-Jul-10,14:40,Fremantle,Melbourne,Domain Stadium,82,71,,11,16,10,11,1.2,4.33
18-Jul-10,14:10,Richmond,North Melbourne,MCG,53,103,,7,11,15,13,1.74,2.01
18-Jul-10,13:10,Carlton,Sydney,Etihad Stadium,68,107,,10,8,16,11,1.57,2.31
17-Jul-10,19:40,Western Bulldogs,Port Adelaide,TIO Stadium,83,47,,12,11,7,5,1.15,5.08
17-Jul-10,19:10,Essendon,West Coast,Etihad Stadium,100,132,,14,16,20,12,1.4,2.85
17-Jul-10,14:10,Hawthorn,Brisbane,Aurora Stadium,118,43,,17,16,7,1,1.27,3.62
17-Jul-10,14:10,Collingwood,St Kilda,MCG,100,52,,15,10,6,16,2.05,1.71
16-Jul-10,20:10,Adelaide,Geelong,AAMI Stadium,74,63,,11,8,9,9,3.5,1.29
11-Jul-10,16:40,Carlton,Western Bulldogs,Etihad Stadium,58,126,,8,10,20,6,2.5,1.5
11-Jul-10,14:10,Melbourne,Essendon,MCG,122,103,,19,8,14,19,1.89,1.86
11-Jul-10,13:10,Sydney,North Melbourne,SCG,85,55,,12,13,7,13,1.42,2.78
10-Jul-10,19:10,Richmond,Fremantle,Etihad Stadium,100,81,,15,10,11,15,2.61,1.46
10-Jul-10,19:10,Brisbane,St Kilda,Gabba,65,79,,10,5,11,13,4.21,1.21
10-Jul-10,14:10,Geelong,Hawthorn,MCG,85,83,,12,13,11,17,1.33,3.18
10-Jul-10,13:10,West Coast,Adelaide,Domain Stadium,95,117,,14,11,17,15,2.63,1.46
9-Jul-10,20:10,Port Adelaide,Collingwood,AAMI Stadium,79,105,,12,7,16,9,5.06,1.15
4-Jul-10,16:40,St Kilda,Melbourne,Etihad Stadium,100,65,,15,10,9,11,1.12,5.81
4-Jul-10,14:10,Richmond,Sydney,MCG,89,85,,14,5,12,13,2.14,1.66
4-Jul-10,13:10,Geelong,North Melbourne,Simonds Stadium,98,63,,14,14,9,9,1.14,5.38
3-Jul-10,19:10,Adelaide,Essendon,AAMI Stadium,124,40,,19,10,5,10,1.58,2.3
3-Jul-10,19:10,Collingwood,West Coast,Etihad Stadium,135,52,,20,15,7,10,1.06,9
3-Jul-10,13:10,Fremantle,Port Adelaide,Domain Stadium,115,58,,17,13,8,10,1.11,6.13
2-Jul-10,19:40,Hawthorn,Western Bulldogs,MCG,79,76,,12,7,11,10,2.3,1.57
1-Jul-10,19:10,Carlton,Brisbane,Etihad Stadium,120,65,,18,12,9,11,1.25,3.85
27-Jun-10,14:40,Adelaide,Melbourne,AAMI Stadium,117,73,,16,21,11,7,1.59,2.28
26-Jun-10,19:10,Sydney,Collingwood,ANZ Stadium,71,96,,10,11,13,18,2.23,1.62
25-Jun-10,19:50,St Kilda,Geelong,MCG,70,46,,10,10,6,10,3.09,1.34
20-Jun-10,14:40,West Coast,Western Bulldogs,Domain Stadium,59,119,,9,5,17,17,3.25,1.33
20-Jun-10,13:10,North Melbourne,Port Adelaide,Etihad Stadium,129,93,,19,15,14,9,1.35,3.08
19-Jun-10,19:10,Brisbane,Richmond,Gabba,86,105,,12,14,15,15,1.41,2.82
19-Jun-10,19:10,Carlton,Fremantle,Etihad Stadium,87,96,,12,15,14,12,1.62,2.23
18-Jun-10,19:40,Hawthorn,Essendon,MCG,102,86,,14,18,13,8,1.55,2.39
14-Jun-10,14:10,Melbourne,Collingwood,MCG,76,76,,11,10,9,22,4.98,1.16
13-Jun-10,14:40,Fremantle,St Kilda,Domain Stadium,67,85,,10,7,12,13,1.64,2.18
13-Jun-10,14:10,Western Bulldogs,Brisbane,Etihad Stadium,121,56,,17,19,8,8,1.24,4.02
13-Jun-10,13:10,Richmond,West Coast,MCG,126,77,,19,12,11,11,1.82,1.93
12-Jun-10,19:10,Port Adelaide,Sydney,AAMI Stadium,55,93,,8,7,14,9,1.77,1.97
12-Jun-10,19:10,Essendon,Geelong,Etihad Stadium,83,154,,12,11,23,16,4.18,1.22
12-Jun-10,14:10,Hawthorn,Adelaide,Aurora Stadium,124,77,,19,10,11,11,1.39,2.91
11-Jun-10,19:40,North Melbourne,Carlton,Etihad Stadium,97,68,,14,13,10,8,3.7,1.27
6-Jun-10,16:40,Collingwood,Western Bulldogs,Etihad Stadium,113,103,,17,11,16,7,1.67,2.11
6-Jun-10,14:10,Hawthorn,Port Adelaide,MCG,74,63,,10,14,8,15,1.41,2.78
6-Jun-10,13:10,Sydney,Essendon,SCG,89,80,,12,17,12,8,1.71,2.06
5-Jun-10,19:10,North Melbourne,Brisbane,Etihad Stadium,90,89,,12,18,13,11,2.35,1.56
5-Jun-10,17:40,West Coast,Geelong,Domain Stadium,98,122,,14,14,18,14,6.06,1.11
5-Jun-10,14:40,Adelaide,Fremantle,AAMI Stadium,105,82,,16,9,12,10,2.8,1.41
5-Jun-10,14:10,Carlton,Melbourne,MCG,101,60,,15,11,9,6,1.36,3.01
4-Jun-10,19:40,Richmond,St Kilda,Etihad Stadium,59,97,,8,11,14,13,5.69,1.12
30-May-10,14:40,Fremantle,North Melbourne,Domain Stadium,139,78,,21,13,11,12,1.12,5.94
30-May-10,14:10,Carlton,West Coast,Etihad Stadium,105,76,,15,15,11,10,1.19,4.48
30-May-10,13:10,Hawthorn,Sydney,MCG,79,77,,10,19,11,11,1.31,3.35
29-May-10,19:10,St Kilda,Adelaide,Etihad Stadium,123,76,,19,9,12,4,1.23,4.08
29-May-10,19:10,Brisbane,Collingwood,Gabba,88,80,,13,10,11,14,3.54,1.28
29-May-10,14:40,Port Adelaide,Richmond,AAMI Stadium,30,77,,3,12,10,17,1.18,4.61
29-May-10,14:10,Geelong,Melbourne,Simonds Stadium,121,67,,18,13,10,7,1.04,10.25
28-May-10,19:40,Essendon,Western Bulldogs,Etihad Stadium,99,90,,15,9,14,6,3.2,1.33
23-May-10,14:40,West Coast,St Kilda,Domain Stadium,56,91,,8,8,13,13,1.99,1.75
23-May-10,14:10,Carlton,Hawthorn,Etihad Stadium,60,110,,8,12,16,14,1.35,3.1
23-May-10,12:40,Adelaide,Brisbane,AAMI Stadium,93,81,,13,15,11,15,2.1,1.69
22-May-10,19:45,Essendon,Richmond,MCG,130,95,,19,16,14,11,1.26,3.81
22-May-10,19:10,Melbourne,Port Adelaide,TIO Stadium,111,110,,17,9,16,14,2.32,1.57
22-May-10,14:10,Sydney,Fremantle,SCG,63,100,,9,9,14,16,1.68,2.13
22-May-10,14:10,North Melbourne,Western Bulldogs,Etihad Stadium,57,127,,7,15,20,7,4.21,1.22
21-May-10,19:40,Collingwood,Geelong,MCG,50,86,,6,14,12,14,1.95,1.78
16-May-10,16:40,St Kilda,Essendon,Etihad Stadium,81,93,,11,15,14,9,1.4,2.81
16-May-10,14:40,Port Adelaide,Carlton,AAMI Stadium,92,118,,14,8,17,16,1.82,1.92
16-May-10,13:10,Richmond,Hawthorn,MCG,86,89,,13,8,13,11,4.94,1.16
15-May-10,19:10,North Melbourne,Adelaide,Etihad Stadium,84,75,,12,12,11,9,1.61,2.24
15-May-10,19:10,Brisbane,Geelong,Gabba,74,155,,10,14,24,11,3.38,1.31
15-May-10,14:10,Melbourne,West Coast,MCG,46,75,,6,10,10,15,1.35,3.09
15-May-10,14:10,Western Bulldogs,Sydney,StarTrack Oval Canberra,101,63,,14,17,9,9,1.56,2.35
14-May-10,18:40,Fremantle,Collingwood,Domain Stadium,97,133,,15,7,20,13,2,1.76
10-May-10,19:20,St Kilda,Carlton,Etihad Stadium,68,129,,9,14,20,9,1.43,2.77
9-May-10,16:10,Adelaide,Richmond,AAMI Stadium,104,54,,15,14,7,12,1.19,4.54
9-May-10,13:10,Geelong,Sydney,Simonds Stadium,126,59,,19,12,9,5,1.27,3.71
8-May-10,19:10,Collingwood,North Melbourne,MCG,157,91,,23,19,14,7,1.19,4.55
8-May-10,19:10,Brisbane,Fremantle,Gabba,100,113,,15,10,15,23,1.47,2.62
8-May-10,14:10,Essendon,Port Adelaide,Etihad Stadium,106,109,,16,10,17,7,1.74,2
8-May-10,13:10,West Coast,Hawthorn,Domain Stadium,102,94,,15,12,14,10,1.6,2.3
7-May-10,19:40,Melbourne,Western Bulldogs,MCG,66,70,,9,12,10,10,4.05,1.23
2-May-10,14:40,West Coast,Fremantle,Domain Stadium,73,111,,10,13,17,9,2.84,1.4
2-May-10,14:10,Carlton,Collingwood,MCG,102,155,,16,6,24,11,2.44,1.52
2-May-10,13:10,Geelong,Richmond,Simonds Stadium,161,53,,24,17,7,11,1.03,12.25
1-May-10,19:10,Sydney,Brisbane,SCG,107,87,,16,11,13,9,1.52,2.43
1-May-10,19:10,Essendon,Hawthorn,MCG,106,63,,15,16,9,9,2.58,1.47
1-May-10,14:40,Adelaide,Port Adelaide,AAMI Stadium,74,97,,10,14,14,13,2.42,1.53
1-May-10,14:10,North Melbourne,Melbourne,Etihad Stadium,104,78,,15,14,12,6,1.99,1.75
30-Apr-10,19:40,Western Bulldogs,St Kilda,Etihad Stadium,46,49,,6,10,7,7,1.67,2.13
26-Apr-10,14:10,Carlton,Geelong,MCG,104,68,,15,14,9,14,4.38,1.19
25-Apr-10,18:45,Fremantle,Richmond,Domain Stadium,112,73,,15,22,11,7,1.04,10.5
25-Apr-10,17:40,Hawthorn,North Melbourne,Aurora Stadium,70,82,,10,10,12,10,1.32,3.28
25-Apr-10,14:40,Collingwood,Essendon,MCG,120,55,,18,12,8,7,1.27,3.6
24-Apr-10,19:15,Port Adelaide,St Kilda,AAMI Stadium,54,44,,7,12,6,8,3.55,1.28
24-Apr-10,19:10,Melbourne,Brisbane,MCG,103,53,,15,13,7,11,3.33,1.31
24-Apr-10,14:15,Sydney,West Coast,SCG,115,63,,17,13,9,9,1.15,4.91
23-Apr-10,19:40,Western Bulldogs,Adelaide,Etihad Stadium,121,72,,18,13,10,12,1.1,6.3
18-Apr-10,16:40,St Kilda,Fremantle,Etihad Stadium,108,93,,16,12,14,9,1.31,3.31
18-Apr-10,14:10,Geelong,Port Adelaide,Simonds Stadium,159,64,,23,21,10,4,1.13,5.7
18-Apr-10,13:10,Richmond,Melbourne,MCG,78,133,,11,12,20,13,3.35,1.31
17-Apr-10,19:10,Collingwood,Hawthorn,MCG,123,59,,17,21,8,11,1.59,2.31
17-Apr-10,19:10,Brisbane,Western Bulldogs,Gabba,101,79,,13,23,12,7,1.95,1.78
17-Apr-10,14:40,Adelaide,Carlton,AAMI Stadium,55,103,,6,19,16,7,1.77,1.97
17-Apr-10,14:10,North Melbourne,Sydney,Etihad Stadium,60,100,,8,12,14,16,2.57,1.48
16-Apr-10,18:40,West Coast,Essendon,Domain Stadium,101,78,,15,11,11,12,1.58,2.32
11-Apr-10,14:40,Fremantle,Geelong,Domain Stadium,125,118,,18,17,17,16,2.05,1.72
11-Apr-10,14:10,Western Bulldogs,Hawthorn,Etihad Stadium,100,84,,14,16,12,12,1.47,2.63
11-Apr-10,13:10,Melbourne,Adelaide,MCG,57,41,,7,15,5,11,2.6,1.49
10-Apr-10,19:10,Sydney,Richmond,SCG,111,56,,16,15,7,14,1.1,7
10-Apr-10,19:10,Carlton,Essendon,MCG,75,95,,10,15,13,17,1.45,2.7
10-Apr-10,14:40,Port Adelaide,Brisbane,AAMI Stadium,81,108,,11,15,16,12,1.84,1.92
10-Apr-10,14:10,North Melbourne,West Coast,Etihad Stadium,116,91,,17,14,13,13,1.85,1.91
9-Apr-10,19:40,St Kilda,Collingwood,Etihad Stadium,69,41,,10,9,4,17,1.32,3.3
5-Apr-10,14:10,Hawthorn,Geelong,MCG,91,100,,13,13,14,16,2.4,1.56
4-Apr-10,16:40,Richmond,Western Bulldogs,MCG,48,120,,7,6,17,18,10,1.06
4-Apr-10,14:10,Essendon,Fremantle,Etihad Stadium,69,113,,9,15,17,11,1.46,2.66
4-Apr-10,12:40,Adelaide,Sydney,AAMI Stadium,75,118,,11,9,18,10,1.54,2.42
3-Apr-10,19:10,St Kilda,North Melbourne,Etihad Stadium,143,39,,23,5,6,3,1.13,5.58
3-Apr-10,17:40,West Coast,Port Adelaide,Domain Stadium,86,89,,12,14,13,11,1.58,2.31
3-Apr-10,14:10,Collingwood,Melbourne,MCG,86,85,,12,14,12,13,1.05,10.33
1-Apr-10,19:40,Brisbane,Carlton,Gabba,107,88,,16,11,12,16,1.32,3.45
28-Mar-10,17:10,Fremantle,Adelaide,Etihad Stadium,118,62,,17,16,9,8,1.94,1.8
28-Mar-10,14:10,Western Bulldogs,Collingwood,Domain Stadium,93,129,,13,15,19,15,1.62,2.25
28-Mar-10,12:40,Port Adelaide,North Melbourne,AAMI Stadium,96,82,,13,18,12,10,1.41,2.83
27-Mar-10,19:10,Brisbane,West Coast,Gabba,114,82,,16,18,12,10,1.28,3.63
27-Mar-10,19:10,Sydney,St Kilda,ANZ Stadium,88,96,,13,10,15,6,2.44,1.53
27-Mar-10,14:10,Melbourne,Hawthorn,MCG,61,117,,8,13,17,15,4.42,1.2
26-Mar-10,19:40,Geelong,Essendon,MCG,125,94,,19,11,13,16,1.21,4.28
25-Mar-10,19:10,Richmond,Carlton,MCG,64,120,,9,10,18,12,2.88,1.42
26-Sep-09,14:30,St Kilda,Geelong,MCG,68,80,Y,9,14,12,8,2.2,1.63
19-Sep-09,19:30,Geelong,Collingwood,MCG,120,47,Y,17,18,6,11,1.34,3.18
18-Sep-09,19:45,St Kilda,Western Bulldogs,MCG,60,53,Y,9,6,7,11,1.36,3.05
12-Sep-09,19:30,Collingwood,Adelaide,MCG,83,78,Y,12,11,11,12,2.18,1.66
11-Sep-09,19:45,Western Bulldogs,Brisbane,MCG,107,56,Y,16,11,8,8,1.26,3.7
6-Sep-09,14:40,St Kilda,Collingwood,MCG,80,52,Y,12,8,7,10,1.6,2.25
5-Sep-09,19:30,Brisbane,Carlton,Gabba,111,104,Y,16,15,15,14,1.87,1.86
5-Sep-09,14:30,Geelong,Western Bulldogs,MCG,96,82,Y,14,12,12,10,1.83,1.93
4-Sep-09,19:45,Adelaide,Essendon,AAMI Stadium,166,70,Y,26,10,10,10,1.1,6.5
30-Aug-09,16:40,Collingwood,Western Bulldogs,Etihad Stadium,76,100,,10,16,14,16,1.71,2.08
30-Aug-09,14:10,Melbourne,St Kilda,MCG,67,114,,10,7,17,12,12,1.02
29-Aug-09,19:10,Port Adelaide,North Melbourne,AAMI Stadium,67,71,,9,13,10,11,1.38,2.94
29-Aug-09,19:10,Sydney,Brisbane,SCG,92,100,,14,8,15,10,1.67,2.12
29-Aug-09,16:10,Carlton,Adelaide,Etihad Stadium,104,176,,16,8,27,14,1.81,1.93
29-Aug-09,14:10,Hawthorn,Essendon,MCG,99,116,,14,15,16,20,2.03,1.71
29-Aug-09,13:10,Geelong,Fremantle,Simonds Stadium,94,54,,14,10,8,6,1.05,9
28-Aug-09,18:40,West Coast,Richmond,Domain Stadium,125,45,,17,23,6,9,1.21,4.27
23-Aug-09,14:40,Fremantle,Essendon,Domain Stadium,141,87,,21,15,13,9,1.84,1.87
23-Aug-09,14:10,Collingwood,Sydney,MCG,97,56,,13,19,8,8,1.2,4.36
23-Aug-09,13:10,St Kilda,North Melbourne,Etihad Stadium,59,64,,8,11,10,4,1.06,8.6
22-Aug-09,19:10,Brisbane,Port Adelaide,Gabba,107,92,,16,11,14,8,1.18,4.6
22-Aug-09,19:10,Richmond,Hawthorn,MCG,93,135,,14,9,20,15,3.03,1.36
22-Aug-09,14:40,Adelaide,West Coast,AAMI Stadium,122,48,,18,14,7,6,1.16,4.9
22-Aug-09,14:10,Carlton,Melbourne,Etihad Stadium,153,96,,24,9,15,6,1.07,7.63
21-Aug-09,19:40,Western Bulldogs,Geelong,Etihad Stadium,110,96,,16,14,14,12,2.24,1.61
16-Aug-09,16:40,Essendon,St Kilda,Etihad Stadium,110,108,,16,14,16,12,5.5,1.13
16-Aug-09,14:40,Port Adelaide,Carlton,AAMI Stadium,67,121,,9,13,18,13,1.91,1.8
16-Aug-09,13:10,Melbourne,Fremantle,MCG,127,64,,20,7,9,10,2.18,1.63
15-Aug-09,19:10,Brisbane,Western Bulldogs,Gabba,84,102,,12,12,15,12,1.75,1.98
15-Aug-09,19:10,Sydney,Geelong,ANZ Stadium,87,92,,13,9,13,14,2.61,1.45
15-Aug-09,14:10,West Coast,North Melbourne,Domain Stadium,110,72,,17,8,10,12,1.37,2.93
15-Aug-09,14:10,Richmond,Collingwood,MCG,59,152,,8,11,22,20,6.44,1.1
14-Aug-09,19:40,Hawthorn,Adelaide,MCG,67,94,,9,13,13,16,2.14,1.67
9-Aug-09,14:40,Fremantle,Port Adelaide,Domain Stadium,116,74,,17,14,11,8,2.48,1.5
9-Aug-09,14:10,Richmond,Sydney,MCG,68,123,,10,8,18,15,1.79,1.92
9-Aug-09,13:10,North Melbourne,Melbourne,Etihad Stadium,123,61,,19,9,8,13,1.34,3.17
8-Aug-09,19:10,Adelaide,Collingwood,AAMI Stadium,68,89,,9,14,13,11,1.84,1.87
8-Aug-09,19:10,Essendon,Brisbane,MCG,87,87,,13,9,12,15,2.4,1.54
8-Aug-09,14:10,Western Bulldogs,West Coast,Etihad Stadium,97,102,,13,19,16,6,1.06,8.38
8-Aug-09,14:10,Hawthorn,St Kilda,Aurora Stadium,49,74,,7,7,10,14,1.52,2.45
7-Aug-09,19:40,Carlton,Geelong,MCG,97,62,,14,13,8,14,3.15,1.35
2-Aug-09,14:40,Port Adelaide,Hawthorn,AAMI Stadium,121,103,,18,13,14,19,2.63,1.45
2-Aug-09,14:40,West Coast,Essendon,Domain Stadium,95,68,,14,11,10,8,2.79,1.41
2-Aug-09,13:10,Melbourne,Richmond,MCG,82,86,,12,10,12,14,3.7,1.26
1-Aug-09,19:10,Collingwood,Brisbane,MCG,95,55,,12,23,8,7,1.37,3.06
1-Aug-09,19:10,Sydney,St Kilda,SCG,93,94,,13,15,13,16,5.43,1.13
1-Aug-09,14:10,Western Bulldogs,Fremantle,Etihad Stadium,111,80,,17,9,11,14,1.04,10.88
1-Aug-09,14:10,Geelong,Adelaide,Simonds Stadium,93,91,,14,9,13,13,1.25,3.7
31-Jul-09,19:40,North Melbourne,Carlton,Etihad Stadium,84,94,,11,18,14,10,3.38,1.3
26-Jul-09,16:10,Adelaide,Port Adelaide,AAMI Stadium,132,62,,19,18,9,8,1.53,2.4
26-Jul-09,14:10,Essendon,Richmond,MCG,96,101,,14,12,15,11,1.28,3.62
26-Jul-09,13:10,Melbourne,Sydney,StarTrack Oval Canberra,50,68,,6,14,10,8,3.23,1.33
25-Jul-09,19:10,Brisbane,North Melbourne,Gabba,116,75,,17,14,11,9,1.15,5.03
25-Jul-09,19:10,St Kilda,Western Bulldogs,Etihad Stadium,106,61,,16,10,9,7,1.51,2.44
25-Jul-09,14:10,Geelong,Hawthorn,MCG,99,98,,15,9,14,14,1.39,2.95
25-Jul-09,14:10,Fremantle,West Coast,Domain Stadium,71,66,,10,11,8,18,1.66,2.14
24-Jul-09,19:40,Carlton,Collingwood,MCG,40,94,,4,16,14,10,1.95,1.76
19-Jul-09,16:40,St Kilda,Adelaide,Etihad Stadium,105,48,,15,15,7,6,1.34,3.15
19-Jul-09,14:10,Richmond,North Melbourne,MCG,85,85,,12,13,12,13,1.93,1.79
19-Jul-09,12:40,Port Adelaide,West Coast,AAMI Stadium,112,76,,17,10,11,10,1.16,4.85
18-Jul-09,19:10,Collingwood,Hawthorn,MCG,76,121,,11,10,18,13,1.38,2.9
18-Jul-09,17:40,Fremantle,Brisbane,Domain Stadium,47,62,,7,5,9,8,3.14,1.34
18-Jul-09,14:10,Geelong,Melbourne,Simonds Stadium,117,71,,17,15,11,5,1.04,10.25
18-Jul-09,14:10,Carlton,Sydney,Etihad Stadium,124,63,,19,10,9,9,1.23,3.91
17-Jul-09,19:40,Essendon,Western Bulldogs,Etihad Stadium,70,103,,11,4,15,13,3.1,1.36
12-Jul-09,14:10,Melbourne,Port Adelaide,MCG,101,90,,15,11,13,12,2.89,1.38
12-Jul-09,13:10,Hawthorn,North Melbourne,Aurora Stadium,73,64,,10,13,9,10,1.5,2.5
12-Jul-09,12:40,West Coast,St Kilda,Domain Stadium,70,90,,11,4,13,12,4.7,1.17
11-Jul-09,19:10,Adelaide,Fremantle,AAMI Stadium,130,13,,19,16,1,7,1.14,5.44
11-Jul-09,19:10,Brisbane,Geelong,Gabba,108,65,,16,12,9,11,2.28,1.57
11-Jul-09,14:10,Carlton,Richmond,MCG,109,89,,16,13,12,17,1.25,3.76
11-Jul-09,14:10,Sydney,Essendon,SCG,72,107,,10,12,15,17,1.66,2.14
10-Jul-09,19:40,Western Bulldogs,Collingwood,Etihad Stadium,110,111,,16,14,17,9,1.56,2.34
5-Jul-09,15:10,St Kilda,Geelong,Etihad Stadium,91,85,,14,7,13,7,2.3,1.56
5-Jul-09,14:40,Fremantle,Carlton,Domain Stadium,100,115,,15,10,16,19,2.28,1.57
5-Jul-09,13:10,Sydney,North Melbourne,SCG,100,85,,15,10,13,7,1.31,3.32
4-Jul-09,19:10,Western Bulldogs,Hawthorn,Etihad Stadium,133,45,,19,19,6,9,1.4,2.8
4-Jul-09,19:10,Richmond,Adelaide,Metricon Stadium,85,102,,13,7,15,12,3.78,1.25
4-Jul-09,14:40,Port Adelaide,Brisbane,AAMI Stadium,128,80,,19,14,11,14,2.3,1.57
4-Jul-09,14:10,Melbourne,West Coast,MCG,112,92,,17,10,13,14,1.96,1.75
3-Jul-09,19:40,Collingwood,Essendon,MCG,102,67,,15,12,9,13,1.5,2.5
28-Jun-09,16:40,St Kilda,Richmond,Etihad Stadium,92,36,,13,14,5,6,1.07,7.63
28-Jun-09,14:10,North Melbourne,Western Bulldogs,MCG,86,108,,12,14,17,6,5.03,1.16
28-Jun-09,13:10,Geelong,Port Adelaide,Simonds Stadium,122,88,,18,14,13,10,1.05,8.63
27-Jun-09,19:10,Brisbane,Melbourne,Gabba,111,56,,16,15,8,8,1.06,8.25
27-Jun-09,17:40,West Coast,Hawthorn,Domain Stadium,107,87,,16,11,13,9,2.77,1.42
27-Jun-09,14:40,Adelaide,Sydney,AAMI Stadium,85,69,,12,13,10,9,1.25,3.75
27-Jun-09,14:10,Collingwood,Fremantle,MCG,169,85,,26,13,13,7,1.12,5.94
26-Jun-09,19:40,Essendon,Carlton,MCG,136,67,,21,10,9,13,2.55,1.48
21-Jun-09,14:40,Fremantle,Geelong,Domain Stadium,75,94,,11,9,13,16,7.25,1.08
20-Jun-09,19:10,Sydney,Collingwood,ANZ Stadium,66,89,,9,12,13,11,1.93,1.75
19-Jun-09,19:40,Essendon,Melbourne,Etihad Stadium,131,83,,19,17,13,5,1.24,3.93
